Timestamp,GazeEventType,Focus
84855,1,1
84856,1,1
84857,1,1
84858,1,1
84859,1,1
84860,1,1
84861,1,1
84862,1,1
84863,1,1
84864,1,1
84865,1,1
84866,1,1
84867,1,1
84868,1,1
84869,1,1
84870,0,1
84871,0,1
84872,0,1
84873,0,0
84874,0,0
84875,0,0
84876,0,0
84877,0,0
84878,0,0
84879,0,0
84880,0,0
84881,0,0
84882,0,0
84883,0,0
84884,0,0
84885,0,0
84886,0,0
84887,0,0
84888,0,0
84889,0,0
84890,0,0
84891,0,0
84892,0,0
84893,0,1
84894,0,1
84895,0,1
84896,1,1
84897,1,1
84898,1,1
84899,1,1
84900,1,1
84901,1,1
84902,1,1
84903,1,1
84904,1,1
84905,1,1
84906,1,1
84907,1,1
84908,1,1
84909,1,1
84910,1,1
84911,1,1
84912,1,1
84913,1,1
84914,1,1
84915,1,1
84916,1,1
84917,1,1
84918,1,1
84919,1,1
84920,1,1
84921,1,1
84922,0,1
84923,0,1
84924,0,1
84925,0,1
84926,0,1
84927,0,1
84928,0,1
84929,0,1
84930,0,1
84931,0,1
84932,0,1
84933,0,1
84934,0,1
84935,0,1
84936,0,1
84937,1,1
84938,1,1
84939,1,1
84940,1,1
84941,1,1
84942,1,1
84943,1,1
84944,1,1
84945,1,1
84946,1,1
84947,1,1
84948,1,1
84949,1,1
84950,1,1
84951,1,1
84952,0,1
84953,0,1
84954,0,1
84955,0,1
84956,0,1
84957,1,1
84958,1,1
84959,1,1
84960,1,1
84961,1,1
84962,1,1
84963,1,1
84964,1,1
84965,1,1
84966,1,1
84967,1,1
84968,1,1
84969,1,1
84970,1,1
84971,1,1
84972,1,1
84973,1,1
84974,0,1
84975,0,1
84976,0,1
84977,0,1
84978,0,1
84979,0,1
84980,1,1
84981,1,1
84982,1,1
84983,1,1
84984,1,1
84985,1,1
84986,1,1
84987,1,1
84988,1,1
84989,1,1
84990,1,1
84991,1,1
84992,1,1
84993,1,1
84994,1,1
84995,1,1
84996,1,1
84997,1,1
84998,1,1
84999,1,1
85000,1,1
85001,1,1
85002,1,1
85003,1,1
85004,1,1
85005,1,1
85006,1,1
85007,1,1
85008,1,1
85009,1,1
85010,1,1
85011,1,1
85012,1,1
85013,1,1
85014,1,1
85015,1,1
85016,1,1
85017,1,1
85018,1,1
85019,1,1
85020,1,1
85021,1,1
85022,1,1
85023,1,1
85024,1,1
85025,1,1
85026,1,1
85027,1,1
85028,1,1
85029,1,1
85030,1,1
85031,1,1
85032,1,1
85033,0,1
85034,0,1
85035,0,1
85036,0,1
85037,0,1
85038,0,1
85039,1,1
85040,1,1
85041,1,1
85042,1,1
85043,1,1
85044,1,1
85045,1,1
85046,1,1
85047,1,1
85048,1,1
85049,1,1
85050,1,1
85051,1,1
85052,1,1
85053,1,1
85054,1,1
85055,1,1
85056,1,1
85057,1,1
85058,1,1
85059,1,1
85060,1,1
85061,1,1
85062,1,1
85063,1,1
85064,1,1
85065,1,1
85066,1,1
85067,1,1
85068,1,1
85069,1,1
85070,1,1
85071,0,1
85072,0,1
85073,0,1
85074,0,1
85075,0,1
85076,0,1
85077,0,1
85078,0,1
85079,0,1
85080,0,1
85081,0,1
85082,0,1
85083,0,1
85084,0,1
85085,0,1
85086,0,1
85087,0,1
85088,0,1
85089,0,1
85090,0,1
85091,0,1
85092,0,1
85093,0,1
85094,0,1
85095,0,1
85096,0,1
85097,0,1
85098,0,1
85099,0,1
85100,0,1
85101,0,1
85102,0,1
85103,0,1
85104,0,1
85105,0,1
85106,0,1
85107,0,1
85108,0,1
85109,0,1
85110,0,1
85111,0,1
85112,0,1
85113,0,1
85114,0,1
85115,0,1
85116,0,1
85117,0,1
85118,0,1
85119,0,1
85120,0,1
85121,0,1
85122,0,1
85123,0,1
85124,0,1
85125,0,1
85126,0,1
85127,1,1
85128,1,1
85129,1,1
85130,1,1
85131,1,1
85132,1,1
85133,1,1
85134,1,1
85135,1,1
85136,1,1
85137,1,1
85138,1,1
85139,1,1
85140,1,1
85141,1,1
85142,1,1
85143,1,1
85144,1,1
85145,1,1
85146,1,1
85147,1,1
85148,1,1
85149,1,1
85150,1,1
85151,1,1
85152,1,1
85153,1,1
85154,1,1
85155,1,1
85156,1,1
85157,1,1
85158,1,1
85159,1,1
85160,1,1
85161,1,1
85162,1,1
85163,0,1
85164,1,1
85165,1,1
85166,1,1
85167,1,1
85168,1,1
85169,1,1
85170,1,1
85171,1,1
85172,0,1
85173,0,1
85174,0,1
85175,0,1
85176,0,1
85177,0,1
85178,0,1
85179,0,1
85180,0,1
85181,0,1
85182,0,1
85183,0,1
85184,0,1
85185,0,1
85186,0,1
85187,0,1
85188,0,1
85189,1,1
85190,1,1
85191,1,1
85192,1,1
85193,1,1
85194,1,1
85195,1,1
85196,1,1
85197,1,1
85198,0,1
85199,0,1
85200,0,1
85201,0,1
85202,0,1
85203,0,1
85204,0,1
85205,0,1
85206,0,1
85207,0,1
85208,0,1
85209,0,1
85210,0,1
85211,1,1
85212,1,1
85213,1,1
85214,1,1
85215,1,1
85216,1,1
85217,1,1
85218,1,1
85219,1,1
85220,1,1
85221,0,1
85222,0,1
85223,0,1
85224,0,1
85225,0,1
85226,0,1
85227,0,1
85228,0,1
85229,0,1
85230,0,1
85231,1,1
85232,1,1
85233,1,1
85234,1,1
85235,1,1
85236,1,1
85237,1,1
85238,1,1
85239,0,1
85240,0,1
85241,0,1
85242,0,1
85243,0,1
85244,0,1
85245,0,1
85246,0,1
85247,0,1
85248,0,1
85249,0,1
85250,0,1
85251,0,1
85252,0,1
85253,0,1
85254,0,1
85255,0,1
85256,0,1
85257,1,1
85258,1,1
85259,1,1
85260,1,1
85261,1,1
85262,1,1
85263,1,1
85264,1,1
85265,1,1
85266,1,1
85267,1,1
85268,1,1
85269,1,1
85270,0,1
85271,0,1
85272,0,0
85273,0,0
85274,0,0
85275,0,0
85276,0,0
85277,0,0
85278,0,0
85279,0,0
85280,0,0
85281,0,0
85282,0,0
85283,0,0
85284,0,0
85285,0,0
85286,0,0
85287,0,1
85288,0,1
85289,0,1
85290,0,1
85291,0,1
85292,0,1
85293,0,1
85294,0,1
85295,0,1
85296,0,1
85297,0,1
85298,0,1
85299,0,1
85300,0,1
85301,0,1
85302,0,1
85303,0,1
85304,0,1
85305,0,1
85306,0,1
85307,0,1
85308,0,1
85309,0,1
85310,1,1
85311,1,1
85312,1,1
85313,1,1
85314,1,1
85315,1,1
85316,1,1
85317,1,1
85318,1,1
85319,1,1
85320,1,1
85321,1,1
85322,1,1
85323,1,1
85324,0,1
85325,0,1
85326,0,1
85327,0,1
85328,1,1
85329,1,1
85330,1,1
85331,1,1
85332,1,1
85333,1,1
85334,1,1
85335,1,1
85336,1,1
85337,1,1
85338,1,1
85339,1,1
85340,1,1
85341,1,1
85342,1,1
85343,0,1
85344,0,1
85345,0,1
85346,0,1
85347,0,1
85348,0,1
85349,0,1
85350,0,1
85351,0,1
85352,0,1
85353,0,1
85354,0,1
85355,0,1
85356,0,1
85357,0,1
85358,0,1
85359,0,1
85360,0,1
85361,0,1
85362,0,1
85363,0,1
85364,0,1
85365,1,1
85366,1,1
85367,1,1
85368,1,1
85369,1,1
85370,1,1
85371,1,1
85372,1,1
85373,1,1
85374,0,1
85375,0,1
85376,0,1
85377,0,1
85378,0,1
85379,0,1
85380,0,1
85381,0,1
85382,0,1
85383,0,1
85384,0,1
85385,0,1
85386,0,1
85387,0,1
85388,1,1
85389,1,1
85390,1,1
85391,1,1
85392,1,1
85393,1,1
85394,1,1
85395,1,1
85396,1,1
85397,1,1
85398,1,1
85399,0,1
85400,1,1
85401,1,1
85402,1,1
85403,1,1
85404,1,1
85405,1,1
85406,1,1
85407,1,1
85408,1,1
85409,1,1
85410,1,1
85411,1,1
85412,1,1
85413,1,1
85414,1,1
85415,1,1
85416,1,1
85417,1,1
85418,0,1
85419,0,1
85420,0,1
85421,0,1
85422,0,1
85423,0,1
85424,0,1
85425,0,1
85426,0,1
85427,0,1
85428,0,1
85429,0,1
85430,0,1
85431,0,1
85432,0,1
85433,0,1
85434,0,1
85435,0,1
85436,0,1
85437,0,1
85438,0,1
85439,0,1
85440,0,1
85441,0,1
85442,0,1
85443,0,1
85444,0,1
85445,0,1
85446,0,1
85447,0,1
85448,0,1
85449,0,1
85450,0,1
85451,0,1
85452,0,1
85453,0,1
85454,0,1
85455,0,1
85456,0,1
85457,0,1
85458,0,1
85459,0,1
85460,0,1
85461,0,1
85462,0,1
85463,0,1
85464,0,1
85465,0,1
85466,0,1
85467,0,1
85468,1,1
85469,1,1
85470,1,1
85471,1,1
85472,1,1
85473,1,1
85474,1,1
85475,1,1
85476,0,1
85477,0,1
85478,1,1
85479,1,1
85480,1,1
85481,1,1
85482,1,1
85483,1,1
85484,1,1
85485,1,1
85486,1,1
85487,1,1
85488,0,1
85489,0,1
85490,0,1
85491,0,1
85492,0,1
85493,0,1
85494,0,1
85495,0,1
85496,0,1
85497,0,1
85498,0,1
85499,0,1
85500,0,1
85501,0,1
85502,0,1
85503,0,1
85504,0,1
85505,0,1
85506,0,1
85507,0,0
85508,0,0
85509,0,0
85510,0,0
85511,0,0
85512,0,0
85513,0,0
85514,0,0
85515,0,0
85516,0,0
85517,0,0
85518,0,0
85519,0,0
85520,0,0
85521,0,0
85522,0,0
85523,0,0
85524,0,0
85525,0,1
85526,0,1
85527,0,1
85528,0,1
85529,0,1
85530,0,1
85531,0,1
85532,0,1
85533,0,1
85534,0,1
85535,1,1
85536,1,1
85537,1,1
85538,1,1
85539,1,1
85540,1,1
85541,1,1
85542,1,1
85543,1,1
85544,0,1
85545,0,1
85546,0,1
85547,0,1
85548,0,1
85549,0,1
85550,0,1
85551,0,1
85552,0,1
85553,0,1
85554,0,1
85555,0,1
85556,0,1
85557,0,1
85558,0,1
85559,0,1
85560,0,1
85561,0,1
85562,0,1
85563,0,1
85564,0,1
85565,0,1
85566,0,1
85567,0,1
85568,0,1
85569,0,1
85570,0,1
85571,0,1
85572,0,1
85573,0,1
85574,0,1
85575,0,1
85576,0,1
85577,0,1
85578,1,1
85579,1,1
85580,1,1
85581,1,1
85582,1,1
85583,1,1
85584,1,1
85585,1,1
85586,1,1
85587,0,1
85588,0,1
85589,0,1
85590,0,1
85591,0,1
85592,0,1
85593,0,1
85594,0,1
85595,0,1
85596,0,1
85597,0,1
85598,0,1
85599,0,1
85600,0,1
85601,1,1
85602,1,1
85603,1,1
85604,1,1
85605,1,1
85606,1,1
85607,1,1
85608,1,1
85609,1,1
85610,1,1
85611,1,1
85612,1,1
85613,1,1
85614,1,1
85615,1,1
85616,1,1
85617,1,1
85618,1,1
85619,1,1
85620,0,1
85621,0,1
85622,0,1
85623,1,1
85624,1,1
85625,1,1
85626,1,1
85627,1,1
85628,1,1
85629,1,1
85630,1,1
85631,1,1
85632,1,1
85633,1,1
85634,1,1
85635,1,1
85636,0,1
85637,0,1
85638,0,1
85639,0,1
85640,1,1
85641,1,1
85642,1,1
85643,1,1
85644,1,1
85645,1,1
85646,1,1
85647,1,1
85648,1,1
85649,1,1
85650,1,1
85651,1,1
85652,1,1
85653,1,1
85654,1,1
85655,0,1
85656,0,1
85657,0,1
85658,0,1
85659,0,1
85660,0,1
85661,0,1
85662,0,1
85663,0,1
85664,0,1
85665,0,1
85666,0,1
85667,0,1
85668,0,1
85669,0,1
85670,0,1
85671,1,1
85672,1,1
85673,1,1
85674,1,1
85675,1,1
85676,1,1
85677,1,1
85678,1,1
85679,1,1
85680,1,1
85681,0,1
85682,1,1
85683,1,1
85684,1,1
85685,1,1
85686,1,1
85687,1,1
85688,1,1
85689,1,1
85690,1,1
85691,1,1
85692,1,1
85693,1,1
85694,1,1
85695,1,1
85696,1,1
85697,1,1
85698,1,1
85699,1,1
85700,1,1
85701,0,1
85702,0,1
85703,0,1
85704,0,1
85705,0,1
85706,0,1
85707,0,1
85708,0,1
85709,0,1
85710,0,1
85711,1,1
85712,1,1
85713,1,1
85714,1,1
85715,1,1
85716,1,1
85717,1,1
85718,1,1
85719,1,1
85720,1,1
85721,1,1
85722,1,1
85723,1,1
85724,1,1
85725,1,1
85726,1,1
85727,1,1
85728,1,1
85729,1,1
85730,1,1
85731,1,1
85732,1,1
85733,1,1
85734,0,1
85735,0,1
85736,0,1
85737,1,1
85738,1,1
85739,1,1
85740,1,1
85741,1,1
85742,1,1
85743,1,1
85744,1,1
85745,1,1
85746,1,1
85747,1,1
85748,1,1
85749,1,1
85750,1,1
85751,1,1
85752,1,1
85753,1,1
85754,1,1
85755,1,1
85756,1,1
85757,1,1
85758,0,1
85759,1,1
85760,1,1
85761,1,1
85762,1,1
85763,1,1
85764,1,1
85765,1,1
85766,1,1
85767,1,1
85768,1,1
85769,1,1
85770,1,1
85771,1,1
85772,1,1
85773,1,1
85774,1,1
85775,1,1
85776,1,1
85777,1,1
85778,1,1
85779,1,1
85780,1,1
85781,1,1
85782,1,1
85783,1,1
85784,1,1
85785,1,1
85786,1,1
85787,0,1
85788,0,1
85789,0,1
85790,0,1
85791,0,1
85792,0,1
85793,0,1
85794,0,1
85795,0,1
85796,0,1
85797,0,1
85798,0,1
85799,0,1
85800,0,1
85801,0,1
85802,0,1
85803,0,1
85804,0,1
85805,0,1
85806,0,1
85807,0,1
85808,0,1
85809,0,1
85810,0,1
85811,0,1
85812,0,1
85813,0,1
85814,0,1
85815,0,1
85816,1,1
85817,1,1
85818,1,1
85819,1,1
85820,1,1
85821,1,1
85822,1,1
85823,1,1
85824,1,1
85825,1,1
85826,1,1
85827,1,1
85828,1,1
85829,1,1
85830,1,1
85831,1,1
85832,1,1
85833,1,1
85834,1,1
85835,1,1
85836,1,1
85837,1,1
85838,1,1
85839,1,1
85840,1,1
85841,1,1
85842,1,1
85843,1,1
85844,0,1
85845,0,1
85846,0,1
85847,0,1
85848,1,1
85849,1,1
85850,1,1
85851,1,1
85852,1,1
85853,1,1
85854,1,1
85855,1,1
85856,1,1
85857,1,1
85858,1,1
85859,1,1
85860,1,1
85861,1,1
85862,1,1
85863,1,1
85864,1,1
85865,1,1
85866,1,1
85867,1,1
85868,1,1
85869,1,1
85870,1,1
85871,1,1
85872,1,1
85873,1,1
85874,1,1
85875,1,1
85876,1,1
85877,1,1
85878,1,1
85879,1,1
85880,1,1
85881,1,1
85882,1,1
85883,1,1
85884,1,1
85885,1,1
85886,1,1
85887,1,1
85888,1,1
85889,1,1
85890,1,1
85891,1,1
85892,1,1
85893,1,1
85894,1,1
85895,1,1
85896,1,1
85897,0,1
85898,0,1
85899,0,1
85900,1,1
85901,1,1
85902,1,1
85903,1,1
85904,1,1
85905,1,1
85906,1,1
85907,1,1
85908,1,1
85909,1,1
85910,1,1
85911,1,1
85912,1,1
85913,1,1
85914,1,1
85915,1,1
85916,1,1
85917,1,1
85918,1,1
85919,1,1
85920,1,1
85921,1,1
85922,1,1
85923,1,1
85924,1,1
85925,0,1
85926,0,1
85927,0,1
85928,0,1
85929,0,1
85930,0,1
85931,0,1
85932,0,1
85933,0,1
85934,0,1
85935,0,1
85936,0,1
85937,0,1
85938,0,1
85939,0,1
85940,0,1
85941,0,1
85942,0,1
85943,0,1
85944,0,1
85945,0,1
85946,0,1
85947,0,1
85948,0,1
85949,0,1
85950,0,1
85951,0,1
85952,0,1
85953,0,1
85954,0,1
85955,0,1
85956,0,1
85957,0,1
85958,0,1
85959,0,1
85960,0,1
85961,0,1
85962,0,1
85963,0,1
85964,1,1
85965,1,1
85966,1,1
85967,1,1
85968,1,1
85969,1,1
85970,1,1
85971,1,1
85972,1,1
85973,1,1
85974,1,1
85975,1,1
85976,1,1
85977,1,1
85978,1,1
85979,1,1
85980,1,1
85981,1,1
85982,1,1
85983,1,1
85984,1,1
85985,1,1
85986,1,1
85987,1,1
85988,1,1
85989,1,1
85990,1,1
85991,1,1
85992,1,1
85993,1,1
85994,1,1
85995,1,1
85996,1,1
85997,1,1
85998,1,1
85999,1,1
86000,1,1
86001,1,1
86002,1,1
86003,1,1
86004,1,1
86005,1,1
86006,1,1
86007,1,1
86008,1,1
86009,1,1
86010,1,1
86011,1,1
86012,0,1
86013,0,1
86014,0,1
86015,0,1
86016,0,1
86017,0,1
86018,0,1
86019,1,1
86020,1,1
86021,1,1
86022,1,1
86023,1,1
86024,1,1
86025,1,1
86026,1,1
86027,1,1
86028,1,1
86029,1,1
86030,1,1
86031,1,1
86032,1,1
86033,1,1
86034,1,1
86035,1,1
86036,1,1
86037,1,1
86038,1,1
86039,1,1
86040,1,1
86041,1,1
86042,1,1
86043,1,1
86044,1,1
86045,1,1
86046,1,1
86047,1,1
86048,1,1
86049,1,1
86050,1,1
86051,1,1
86052,1,1
86053,1,1
86054,1,1
86055,1,1
86056,1,1
86057,1,1
86058,1,1
86059,1,1
86060,1,1
86061,1,1
86062,1,1
86063,1,1
86064,0,1
86065,0,1
86066,0,1
86067,0,1
86068,0,1
86069,1,1
86070,1,1
86071,1,1
86072,1,1
86073,1,1
86074,1,1
86075,1,1
86076,1,1
86077,1,1
86078,1,1
86079,1,1
86080,1,1
86081,1,1
86082,1,1
86083,1,1
86084,1,1
86085,1,1
86086,1,1
86087,1,1
86088,1,1
86089,0,1
86090,0,1
86091,0,1
86092,0,1
86093,0,1
86094,0,1
86095,0,1
86096,0,1
86097,0,1
86098,1,1
86099,1,1
86100,1,1
86101,1,1
86102,1,1
86103,1,1
86104,1,1
86105,1,1
86106,1,1
86107,1,1
86108,1,1
86109,1,1
86110,1,1
86111,1,1
86112,1,1
86113,1,1
86114,1,1
86115,1,1
86116,1,1
86117,1,1
86118,1,1
86119,1,1
86120,1,1
86121,1,1
86122,1,1
86123,1,1
86124,1,1
86125,1,1
86126,1,1
86127,1,1
86128,1,1
86129,1,1
86130,1,1
86131,1,1
86132,1,1
86133,1,1
86134,0,1
86135,0,1
86136,0,1
86137,0,1
86138,0,1
86139,0,1
86140,0,1
86141,0,1
86142,0,1
86143,0,1
86144,0,1
86145,0,1
86146,0,1
86147,0,1
86148,0,1
86149,0,1
86150,0,1
86151,0,1
86152,0,1
86153,0,1
86154,0,1
86155,0,1
86156,1,1
86157,1,1
86158,1,1
86159,1,1
86160,1,1
86161,1,1
86162,1,1
86163,1,1
86164,1,1
86165,1,1
86166,1,1
86167,1,1
86168,0,1
86169,0,1
86170,0,1
86171,0,1
86172,0,1
86173,0,1
86174,1,1
86175,1,1
86176,1,1
86177,1,1
86178,1,1
86179,1,1
86180,1,1
86181,1,1
86182,1,1
86183,1,1
86184,1,1
86185,1,1
86186,1,1
86187,0,1
86188,0,1
86189,0,1
86190,0,1
86191,0,1
86192,0,1
86193,0,1
86194,0,1
86195,1,1
86196,1,1
86197,1,1
86198,1,1
86199,1,1
86200,1,1
86201,1,1
86202,1,1
86203,1,1
86204,1,1
86205,1,1
86206,1,1
86207,1,1
86208,1,1
86209,1,1
86210,1,1
86211,1,1
86212,1,1
86213,1,1
86214,1,1
86215,1,1
86216,1,1
86217,1,1
86218,1,1
86219,1,1
86220,1,1
86221,1,1
86222,1,1
86223,1,1
86224,1,1
86225,1,1
86226,1,1
86227,1,1
86228,1,1
86229,1,1
86230,1,1
86231,1,1
86232,1,1
86233,0,1
86234,0,1
86235,0,1
86236,0,1
86237,0,1
86238,0,1
86239,0,1
86240,0,1
86241,0,1
86242,1,1
86243,1,1
86244,1,1
86245,1,1
86246,1,1
86247,1,1
86248,1,1
86249,1,1
86250,1,1
86251,1,1
86252,1,1
86253,1,1
86254,1,1
86255,1,1
86256,1,1
86257,1,1
86258,1,1
86259,1,1
86260,1,1
86261,1,1
86262,1,1
86263,1,1
86264,1,1
86265,1,1
86266,1,1
86267,0,1
86268,0,1
86269,0,1
86270,1,1
86271,1,1
86272,1,1
86273,1,1
86274,1,1
86275,1,1
86276,1,1
86277,1,1
86278,1,1
86279,1,1
86280,1,1
86281,1,1
86282,1,1
86283,1,1
86284,1,1
86285,1,1
86286,1,1
86287,1,1
86288,1,1
86289,1,1
86290,0,1
86291,0,1
86292,0,1
86293,0,1
86294,0,1
86295,0,1
86296,0,1
86297,0,1
86298,0,1
86299,1,1
86300,1,1
86301,1,1
86302,1,1
86303,1,1
86304,1,1
86305,1,1
86306,1,1
86307,1,1
86308,1,1
86309,1,1
86310,1,1
86311,1,1
86312,1,1
86313,1,1
86314,1,1
86315,1,1
86316,1,1
86317,1,1
86318,1,1
86319,1,1
86320,1,1
86321,1,1
86322,1,1
86323,1,1
86324,1,1
86325,1,1
86326,1,1
86327,1,1
86328,1,1
86329,1,1
86330,1,1
86331,1,1
86332,1,1
86333,1,1
86334,1,1
86335,1,1
86336,1,1
86337,1,1
86338,1,1
86339,1,1
86340,1,1
86341,0,1
86342,0,1
86343,0,1
86344,0,1
86345,1,1
86346,1,1
86347,1,1
86348,1,1
86349,1,1
86350,1,1
86351,1,1
86352,1,1
86353,1,1
86354,1,1
86355,1,1
86356,1,1
86357,1,1
86358,1,1
86359,1,1
86360,1,1
86361,1,1
86362,1,1
86363,1,1
86364,1,1
86365,1,1
86366,1,1
86367,1,1
86368,1,1
86369,1,1
86370,1,1
86371,1,1
86372,1,1
86373,1,1
86374,1,1
86375,1,1
86376,1,1
86377,1,1
86378,1,1
86379,1,1
86380,1,1
86381,0,1
86382,0,1
86383,0,1
86384,0,1
86385,0,1
86386,0,1
86387,0,1
86388,0,1
86389,0,1
86390,0,1
86391,0,1
86392,0,1
86393,0,1
86394,0,1
86395,0,1
86396,0,1
86397,0,1
86398,0,1
86399,0,1
86400,0,1
86401,0,1
86402,0,1
86403,0,1
86404,0,1
86405,0,1
86406,0,1
86407,0,1
86408,0,1
86409,0,1
86410,0,1
86411,0,1
86412,0,1
86413,0,1
86414,0,1
86415,0,1
86416,0,1
86417,0,1
86418,0,1
86419,0,1
86420,0,1
86421,1,1
86422,1,1
86423,1,1
86424,1,1
86425,1,1
86426,1,1
86427,1,1
86428,1,1
86429,1,1
86430,1,1
86431,1,1
86432,1,1
86433,1,1
86434,1,1
86435,1,1
86436,1,1
86437,1,1
86438,1,1
86439,1,1
86440,1,1
86441,1,1
86442,1,1
86443,1,1
86444,1,1
86445,1,1
86446,1,1
86447,1,1
86448,1,1
86449,1,1
86450,0,1
86451,0,1
86452,0,1
86453,0,1
86454,0,1
86455,1,1
86456,1,1
86457,1,1
86458,1,1
86459,1,1
86460,1,1
86461,1,1
86462,1,1
86463,1,1
86464,1,1
86465,1,1
86466,1,1
86467,1,1
86468,1,1
86469,1,1
86470,1,1
86471,1,1
86472,0,1
86473,0,1
86474,0,1
86475,0,1
86476,1,1
86477,1,1
86478,1,1
86479,1,1
86480,1,1
86481,1,1
86482,1,1
86483,1,1
86484,1,1
86485,1,1
86486,1,1
86487,1,1
86488,1,1
86489,1,1
86490,1,1
86491,1,1
86492,1,1
86493,1,1
86494,1,1
86495,1,1
86496,1,1
86497,1,1
86498,1,1
86499,1,1
86500,1,1
86501,0,1
86502,0,1
86503,0,1
86504,0,1
86505,0,1
86506,0,1
86507,0,1
86508,1,1
86509,1,1
86510,1,1
86511,1,1
86512,1,1
86513,1,1
86514,1,1
86515,1,1
86516,1,1
86517,1,1
86518,1,1
86519,1,1
86520,1,1
86521,1,1
86522,1,1
86523,1,1
86524,1,1
86525,1,1
86526,1,1
86527,1,1
86528,1,1
86529,1,1
86530,0,1
86531,0,1
86532,0,1
86533,0,1
86534,0,1
86535,1,1
86536,1,1
86537,1,1
86538,1,1
86539,1,1
86540,1,1
86541,1,1
86542,1,1
86543,1,1
86544,1,1
86545,1,1
86546,1,1
86547,1,1
86548,1,1
86549,1,1
86550,1,1
86551,1,1
86552,1,1
86553,1,1
86554,1,1
86555,1,1
86556,1,1
86557,1,1
86558,1,1
86559,1,1
86560,1,1
86561,1,1
86562,1,1
86563,1,1
86564,1,1
86565,1,1
86566,1,1
86567,1,1
86568,1,1
86569,1,1
86570,1,1
86571,1,1
86572,1,1
86573,1,1
86574,1,1
86575,1,1
86576,1,1
86577,1,1
86578,0,1
86579,0,1
86580,0,1
86581,0,1
86582,0,1
86583,0,1
86584,1,1
86585,1,1
86586,1,1
86587,1,1
86588,1,1
86589,1,1
86590,1,1
86591,1,1
86592,1,1
86593,1,1
86594,1,1
86595,1,1
86596,1,1
86597,1,1
86598,1,1
86599,1,1
86600,1,1
86601,1,1
86602,1,1
86603,1,1
86604,1,1
86605,1,1
86606,1,1
86607,1,1
86608,1,1
86609,1,1
86610,1,1
86611,1,1
86612,1,1
86613,1,1
86614,1,1
86615,1,1
86616,1,1
86617,1,1
86618,1,1
86619,1,1
86620,1,1
86621,1,1
86622,1,1
86623,1,1
86624,1,1
86625,1,1
86626,1,1
86627,1,1
86628,1,1
86629,1,1
86630,1,1
86631,1,1
86632,1,1
86633,1,1
86634,1,1
86635,1,1
86636,1,1
86637,1,1
86638,1,1
86639,1,1
86640,1,1
86641,1,1
86642,1,1
86643,1,1
86644,1,1
86645,1,1
86646,1,1
86647,1,1
86648,1,1
86649,1,1
86650,1,1
86651,1,1
86652,1,1
86653,1,1
86654,0,1
86655,0,1
86656,0,1
86657,0,1
86658,0,1
86659,1,1
86660,1,1
86661,1,1
86662,1,1
86663,1,1
86664,1,1
86665,1,1
86666,1,1
86667,1,1
86668,1,1
86669,1,1
86670,1,1
86671,1,1
86672,1,1
86673,1,1
86674,1,1
86675,1,1
86676,1,1
86677,1,1
86678,1,1
86679,1,1
86680,0,1
86681,0,1
86682,0,1
86683,0,1
86684,0,1
86685,0,1
86686,1,1
86687,1,1
86688,1,1
86689,1,1
86690,1,1
86691,1,1
86692,1,1
86693,1,1
86694,1,1
86695,1,1
86696,1,1
86697,1,1
86698,1,1
86699,1,1
86700,1,1
86701,1,1
86702,1,1
86703,1,1
86704,1,1
86705,1,1
86706,1,1
86707,1,1
86708,1,1
86709,1,1
86710,1,1
86711,1,1
86712,1,1
86713,1,1
86714,1,1
86715,1,1
86716,1,1
86717,1,1
86718,1,1
86719,1,1
86720,0,1
86721,0,1
86722,0,1
86723,0,1
86724,0,1
86725,1,1
86726,1,1
86727,1,1
86728,1,1
86729,1,1
86730,1,1
86731,1,1
86732,1,1
86733,1,1
86734,1,1
86735,1,1
86736,1,1
86737,1,1
86738,1,1
86739,1,1
86740,1,1
86741,1,1
86742,1,1
86743,1,1
86744,1,1
86745,1,1
86746,0,1
86747,0,1
86748,0,1
86749,0,1
86750,0,1
86751,1,1
86752,1,1
86753,1,1
86754,1,1
86755,1,1
86756,1,1
86757,1,1
86758,1,1
86759,1,1
86760,1,1
86761,1,1
86762,1,1
86763,1,1
86764,1,1
86765,1,1
86766,1,1
86767,1,1
86768,1,1
86769,1,1
86770,1,1
86771,0,1
86772,0,1
86773,1,1
86774,1,1
86775,1,1
86776,1,1
86777,1,1
86778,1,1
86779,1,1
86780,1,1
86781,1,1
86782,1,1
86783,1,1
86784,1,1
86785,1,1
86786,1,1
86787,1,1
86788,1,1
86789,1,1
86790,1,1
86791,1,1
86792,1,1
86793,1,1
86794,1,1
86795,1,1
86796,1,1
86797,1,1
86798,1,1
86799,1,1
86800,1,1
86801,1,1
86802,1,1
86803,1,1
86804,1,1
86805,1,1
86806,1,1
86807,1,1
86808,1,1
86809,1,1
86810,1,1
86811,1,1
86812,1,1
86813,1,1
86814,1,1
86815,1,1
86816,1,1
86817,1,1
86818,1,1
86819,1,1
86820,1,1
86821,1,1
86822,0,1
86823,0,1
86824,0,1
86825,0,1
86826,1,1
86827,1,1
86828,1,1
86829,1,1
86830,1,1
86831,1,1
86832,1,1
86833,1,1
86834,1,1
86835,1,1
86836,1,1
86837,1,1
86838,1,1
86839,1,1
86840,1,1
86841,1,1
86842,1,1
86843,1,1
86844,1,1
86845,1,1
86846,1,1
86847,1,1
86848,1,1
86849,1,1
86850,0,1
86851,0,1
86852,0,1
86853,0,1
86854,0,1
86855,0,1
86856,0,1
86857,0,1
86858,0,1
86859,0,1
86860,0,1
86861,0,1
86862,0,1
86863,0,1
86864,0,1
86865,0,1
86866,0,1
86867,0,1
86868,0,1
86869,0,1
86870,0,1
86871,0,1
86872,0,1
86873,0,1
86874,1,1
86875,1,1
86876,1,1
86877,1,1
86878,1,1
86879,1,1
86880,1,1
86881,1,1
86882,1,1
86883,1,1
86884,1,1
86885,1,1
86886,1,1
86887,1,1
86888,1,1
86889,1,1
86890,1,1
86891,1,1
86892,1,1
86893,0,1
86894,0,1
86895,0,1
86896,0,1
86897,0,1
86898,0,1
86899,1,1
86900,1,1
86901,1,1
86902,1,1
86903,1,1
86904,1,1
86905,1,1
86906,1,1
86907,1,1
86908,1,1
86909,1,1
86910,1,1
86911,1,1
86912,1,1
86913,1,1
86914,1,1
86915,1,1
86916,0,1
86917,1,1
86918,1,1
86919,1,1
86920,1,1
86921,1,1
86922,1,1
86923,1,1
86924,1,1
86925,1,1
86926,1,1
86927,1,1
86928,1,1
86929,1,1
86930,1,1
86931,1,1
86932,1,1
86933,1,1
86934,1,1
86935,1,1
86936,1,1
86937,1,1
86938,1,1
86939,1,1
86940,1,1
86941,1,1
86942,1,1
86943,1,1
86944,1,1
86945,1,1
86946,1,1
86947,1,1
86948,1,1
86949,1,1
86950,1,1
86951,1,1
86952,1,1
86953,1,1
86954,1,1
86955,1,1
86956,1,1
86957,1,1
86958,1,1
86959,1,1
86960,1,1
86961,1,1
86962,1,1
86963,1,1
86964,1,1
86965,1,1
86966,1,1
86967,1,1
86968,1,1
86969,1,1
86970,1,1
86971,1,1
86972,1,1
86973,1,1
86974,1,1
86975,1,1
86976,1,1
86977,1,1
86978,1,1
86979,1,1
86980,1,1
86981,1,1
86982,1,1
86983,1,1
86984,1,1
86985,1,1
86986,1,1
86987,1,1
86988,1,1
86989,1,1
86990,1,1
86991,1,1
86992,1,1
86993,1,1
86994,1,1
86995,1,1
86996,1,1
86997,1,1
86998,1,1
86999,1,1
87000,1,1
87001,1,1
87002,1,1
87003,1,1
87004,1,1
87005,1,1
87006,1,1
87007,1,1
87008,1,1
87009,1,1
87010,1,1
87011,1,1
87012,1,1
87013,1,1
87014,1,1
87015,1,1
87016,1,1
87017,1,1
87018,1,1
87019,1,1
87020,1,1
87021,1,1
87022,1,1
87023,1,1
87024,1,1
87025,1,1
87026,1,1
87027,1,1
87028,1,1
87029,1,1
87030,1,1
87031,1,1
87032,1,1
87033,1,1
87034,1,1
87035,1,1
87036,1,1
87037,1,1
87038,1,1
87039,1,1
87040,1,1
87041,1,1
87042,1,1
87043,1,1
87044,1,1
87045,1,1
87046,1,1
87047,1,1
87048,1,1
87049,1,1
87050,1,1
87051,1,1
87052,1,1
87053,1,1
87054,1,1
87055,1,1
87056,1,1
87057,1,1
87058,1,1
87059,1,1
87060,1,1
87061,1,1
87062,1,1
87063,1,1
87064,1,1
87065,1,1
87066,1,1
87067,1,1
87068,1,1
87069,1,1
87070,1,1
87071,1,1
87072,1,1
87073,1,1
87074,1,1
87075,1,1
87076,1,1
87077,1,1
87078,1,1
87079,1,1
87080,1,1
87081,1,1
87082,1,1
87083,1,1
87084,1,1
87085,1,1
87086,1,1
87087,1,1
87088,1,1
87089,1,1
87090,1,1
87091,1,1
87092,1,1
87093,1,1
87094,1,1
87095,1,1
87096,1,1
87097,1,1
87098,1,1
87099,1,1
87100,1,1
87101,1,1
87102,1,1
87103,1,1
87104,1,1
87105,1,1
87106,1,1
87107,1,1
87108,1,1
87109,1,1
87110,1,1
87111,1,1
87112,1,1
87113,1,1
87114,1,1
87115,1,1
87116,1,1
87117,1,1
87118,1,1
87119,1,1
87120,1,1
87121,1,1
87122,1,1
87123,1,1
87124,1,1
87125,1,1
87126,1,1
87127,1,1
87128,1,1
87129,1,1
87130,1,1
87131,1,1
87132,1,1
87133,1,1
87134,1,1
87135,1,1
87136,1,1
87137,1,1
87138,1,1
87139,1,1
87140,1,1
87141,1,1
87142,1,1
87143,1,1
87144,1,1
87145,1,1
87146,1,1
87147,1,1
87148,1,1
87149,1,1
87150,1,1
87151,1,1
87152,1,1
87153,1,1
87154,1,1
87155,1,1
87156,1,1
87157,1,1
87158,1,1
87159,1,1
87160,1,1
87161,1,1
87162,1,1
87163,1,1
87164,1,1
87165,1,1
87166,1,1
87167,0,1
87168,0,1
87169,0,1
87170,0,1
87171,1,1
87172,1,1
87173,1,1
87174,1,1
87175,1,1
87176,1,1
87177,1,1
87178,1,1
87179,1,1
87180,1,1
87181,1,1
87182,1,1
87183,1,1
87184,1,1
87185,1,1
87186,1,1
87187,1,1
87188,1,1
87189,1,1
87190,1,1
87191,1,1
87192,1,1
87193,1,1
87194,1,1
87195,1,1
87196,1,1
87197,1,1
87198,1,1
87199,1,1
87200,1,1
87201,1,1
87202,1,1
87203,1,1
87204,1,1
87205,1,1
87206,1,1
87207,1,1
87208,1,1
87209,1,1
87210,1,1
87211,1,1
87212,1,1
87213,1,1
87214,1,1
87215,1,1
87216,1,1
87217,1,1
87218,1,1
87219,1,1
87220,1,1
87221,1,1
87222,1,1
87223,1,1
87224,1,1
87225,1,1
87226,1,1
87227,1,1
87228,1,1
87229,1,1
87230,1,1
87231,1,1
87232,1,1
87233,1,1
87234,1,1
87235,1,1
87236,1,1
87237,1,1
87238,1,1
87239,1,1
87240,1,1
87241,1,1
87242,1,1
87243,1,1
87244,1,1
87245,1,1
87246,1,1
87247,1,1
87248,1,1
87249,1,1
87250,1,1
87251,1,1
87252,1,1
87253,1,1
87254,0,1
87255,1,1
87256,1,1
87257,1,1
87258,1,1
87259,1,1
87260,1,1
87261,1,1
87262,1,1
87263,1,1
87264,1,1
87265,1,1
87266,1,1
87267,1,1
87268,1,1
87269,1,1
87270,1,1
87271,1,1
87272,1,1
87273,1,1
87274,1,1
87275,1,1
87276,1,1
87277,1,1
87278,1,1
87279,1,1
87280,1,1
87281,1,1
87282,1,1
87283,1,1
87284,1,1
87285,1,1
87286,1,1
87287,1,1
87288,1,1
87289,1,1
87290,1,1
87291,1,1
87292,1,1
87293,1,1
87294,1,1
87295,1,1
87296,1,1
87297,1,1
87298,1,1
87299,1,1
87300,1,1
87301,1,1
87302,1,1
87303,1,1
87304,1,1
87305,0,1
87306,0,1
87307,0,1
87308,0,1
87309,0,1
87310,0,1
87311,0,1
87312,0,1
87313,0,1
87314,0,1
87315,0,1
87316,0,1
87317,0,1
87318,0,1
87319,0,1
87320,0,1
87321,0,1
87322,0,1
87323,0,1
87324,0,1
87325,0,1
87326,0,1
87327,0,1
87328,0,1
87329,0,1
87330,0,1
87331,0,1
87332,0,1
87333,0,1
87334,0,1
87335,0,1
87336,0,1
87337,0,1
87338,0,1
87339,0,1
87340,0,1
87341,0,1
87342,1,1
87343,1,1
87344,1,1
87345,1,1
87346,1,1
87347,1,1
87348,1,1
87349,1,1
87350,1,1
87351,1,1
87352,1,1
87353,1,1
87354,1,1
87355,1,1
87356,1,1
87357,1,1
87358,1,1
87359,1,1
87360,1,1
87361,1,1
87362,1,1
87363,1,1
87364,1,1
87365,1,1
87366,1,1
87367,1,1
87368,1,1
87369,1,1
87370,1,1
87371,1,1
87372,1,1
87373,1,1
87374,1,1
87375,1,1
87376,1,1
87377,1,1
87378,1,1
87379,1,1
87380,1,1
87381,1,1
87382,1,1
87383,1,1
87384,1,1
87385,1,1
87386,1,1
87387,1,1
87388,1,1
87389,1,1
87390,1,1
87391,1,1
87392,1,1
87393,1,1
87394,1,1
87395,0,1
87396,0,1
87397,1,1
87398,1,1
87399,1,1
87400,1,1
87401,1,1
87402,1,1
87403,1,1
87404,1,1
87405,1,1
87406,1,1
87407,1,1
87408,1,1
87409,1,1
87410,1,1
87411,1,1
87412,1,1
87413,1,1
87414,1,1
87415,1,1
87416,1,1
87417,1,1
87418,1,1
87419,1,1
87420,1,1
87421,1,1
87422,1,1
87423,1,1
87424,1,1
87425,1,1
87426,1,1
87427,1,1
87428,1,1
87429,1,1
87430,1,1
87431,1,1
87432,1,1
87433,1,1
87434,1,1
87435,1,1
87436,1,1
87437,1,1
87438,1,1
87439,1,1
87440,1,1
87441,1,1
87442,1,1
87443,1,1
87444,1,1
87445,1,1
87446,1,1
87447,1,1
87448,1,1
87449,1,1
87450,1,1
87451,1,1
87452,1,1
87453,1,1
87454,1,1
87455,1,1
87456,1,1
87457,1,1
87458,1,1
87459,1,1
87460,1,1
87461,1,1
87462,1,1
87463,1,1
87464,1,1
87465,1,1
87466,1,1
87467,1,1
87468,1,1
87469,1,1
87470,1,1
87471,1,1
87472,1,1
87473,1,1
87474,1,1
87475,1,1
87476,1,1
87477,1,1
87478,1,1
87479,1,1
87480,1,1
87481,1,1
87482,1,1
87483,1,1
87484,1,1
87485,1,1
87486,1,1
87487,1,1
87488,1,1
87489,1,1
87490,1,1
87491,1,1
87492,1,1
87493,1,1
87494,1,1
87495,1,1
87496,1,1
87497,1,1
87498,1,1
87499,1,1
87500,1,1
87501,1,1
87502,1,1
87503,1,1
87504,1,1
87505,1,1
87506,1,1
87507,1,1
87508,1,1
87509,1,1
87510,1,1
87511,1,1
87512,1,1
87513,1,1
87514,1,1
87515,1,1
87516,1,1
87517,1,1
87518,0,1
87519,1,1
87520,1,1
87521,1,1
87522,1,1
87523,1,1
87524,1,1
87525,1,1
87526,1,1
87527,1,1
87528,1,1
87529,1,1
87530,1,1
87531,1,1
87532,1,1
87533,1,1
87534,1,1
87535,1,1
87536,1,1
87537,1,1
87538,1,1
87539,1,1
87540,1,1
87541,1,1
87542,1,1
87543,1,1
87544,1,1
87545,1,1
87546,1,1
87547,1,1
87548,1,1
87549,1,1
87550,1,1
87551,1,1
87552,1,1
87553,1,1
87554,1,1
87555,1,1
87556,0,1
87557,0,1
87558,0,1
87559,0,1
87560,0,1
87561,1,1
87562,1,1
87563,1,1
87564,1,1
87565,1,1
87566,1,1
87567,1,1
87568,1,1
87569,1,1
87570,1,1
87571,1,1
87572,1,1
87573,1,1
87574,1,1
87575,1,1
87576,1,1
87577,1,1
87578,1,1
87579,1,1
87580,1,1
87581,1,1
87582,1,1
87583,1,1
87584,1,1
87585,1,1
87586,1,1
87587,1,1
87588,1,1
87589,1,1
87590,1,1
87591,1,1
87592,0,1
87593,0,1
87594,0,1
87595,0,1
87596,0,1
87597,1,1
87598,1,1
87599,1,1
87600,1,1
87601,1,1
87602,1,1
87603,1,1
87604,1,1
87605,1,1
87606,1,1
87607,1,1
87608,1,1
87609,1,1
87610,1,1
87611,1,1
87612,1,1
87613,1,1
87614,1,1
87615,1,1
87616,1,1
87617,1,1
87618,1,1
87619,1,1
87620,1,1
87621,1,1
87622,1,1
87623,1,1
87624,1,1
87625,1,1
87626,1,1
87627,1,1
87628,1,1
87629,1,1
87630,1,1
87631,1,1
87632,1,1
87633,1,1
87634,1,1
87635,1,1
87636,1,1
87637,1,1
87638,1,1
87639,1,1
87640,1,1
87641,1,1
87642,1,1
87643,1,1
87644,1,1
87645,1,1
87646,1,1
87647,1,1
87648,1,1
87649,1,1
87650,1,1
87651,1,1
87652,1,1
87653,1,1
87654,1,1
87655,1,1
87656,1,1
87657,1,1
87658,1,1
87659,1,1
87660,1,1
87661,1,1
87662,1,1
87663,1,1
87664,1,1
87665,1,1
87666,1,1
87667,1,1
87668,1,1
87669,1,1
87670,1,1
87671,1,1
87672,1,1
87673,1,1
87674,1,1
87675,1,1
87676,1,1
87677,1,1
87678,1,1
87679,1,1
87680,1,1
87681,1,1
87682,1,1
87683,1,1
87684,1,1
87685,1,1
87686,1,1
87687,1,1
87688,1,1
87689,1,1
87690,0,1
87691,0,1
87692,0,1
87693,0,1
87694,0,1
87695,0,1
87696,0,1
87697,0,1
87698,0,1
87699,0,1
87700,1,1
87701,1,1
87702,1,1
87703,1,1
87704,1,1
87705,1,1
87706,1,1
87707,1,1
87708,0,1
87709,0,1
87710,0,1
87711,0,1
87712,0,1
87713,0,1
87714,0,1
87715,0,1
87716,1,1
87717,1,1
87718,1,1
87719,1,1
87720,1,1
87721,1,1
87722,1,1
87723,1,1
87724,1,1
87725,1,1
87726,1,1
87727,1,1
87728,1,1
87729,1,1
87730,1,1
87731,1,1
87732,1,1
87733,1,1
87734,1,1
87735,1,1
87736,1,1
87737,1,1
87738,1,1
87739,1,1
87740,1,1
87741,1,1
87742,1,1
87743,1,1
87744,1,1
87745,1,1
87746,0,1
87747,0,1
87748,0,1
87749,0,1
87750,0,1
87751,1,1
87752,1,1
87753,1,1
87754,1,1
87755,1,1
87756,1,1
87757,1,1
87758,1,1
87759,1,1
87760,1,1
87761,0,1
87762,0,1
87763,1,1
87764,1,1
87765,1,1
87766,1,1
87767,1,1
87768,1,1
87769,1,1
87770,1,1
87771,1,1
87772,1,1
87773,1,1
87774,1,1
87775,1,1
87776,1,1
87777,1,1
87778,1,1
87779,1,1
87780,1,1
87781,1,1
87782,1,1
87783,1,1
87784,0,1
87785,0,1
87786,1,1
87787,1,1
87788,1,1
87789,1,1
87790,1,1
87791,1,1
87792,1,1
87793,1,1
87794,1,1
87795,1,1
87796,1,1
87797,1,1
87798,1,1
87799,1,1
87800,1,1
87801,1,1
87802,1,1
87803,1,1
87804,1,1
87805,1,1
87806,1,1
87807,1,1
87808,0,1
87809,0,1
87810,0,1
87811,0,1
87812,0,1
87813,0,1
87814,0,1
87815,1,1
87816,1,1
87817,1,1
87818,1,1
87819,1,1
87820,1,1
87821,1,1
87822,1,1
87823,1,1
87824,0,1
87825,0,1
87826,1,1
87827,1,1
87828,1,1
87829,1,1
87830,1,1
87831,1,1
87832,1,1
87833,1,1
87834,1,1
87835,1,1
87836,1,1
87837,1,1
87838,1,1
87839,1,1
87840,1,1
87841,1,1
87842,1,1
87843,1,1
87844,0,1
87845,0,1
87846,0,1
87847,0,1
87848,0,1
87849,0,1
87850,0,1
87851,1,1
87852,1,1
87853,1,1
87854,1,1
87855,1,1
87856,1,1
87857,1,1
87858,1,1
87859,1,1
87860,1,1
87861,1,1
87862,1,1
87863,1,1
87864,1,1
87865,1,1
87866,1,1
87867,0,1
87868,0,1
87869,1,1
87870,1,1
87871,1,1
87872,1,1
87873,1,1
87874,1,1
87875,1,1
87876,1,1
87877,0,1
87878,0,1
87879,0,1
87880,0,1
87881,0,1
87882,0,1
87883,0,1
87884,0,1
87885,0,1
87886,0,1
87887,0,1
87888,0,1
87889,1,1
87890,1,1
87891,1,1
87892,1,1
87893,1,1
87894,1,1
87895,1,1
87896,1,1
87897,1,1
87898,1,1
87899,1,1
87900,1,1
87901,1,1
87902,1,1
87903,1,1
87904,1,1
87905,1,1
87906,1,1
87907,1,1
87908,1,1
87909,1,1
87910,1,1
87911,1,1
87912,1,1
87913,1,1
87914,1,1
87915,1,1
87916,1,1
87917,1,1
87918,1,1
87919,1,1
87920,1,1
87921,1,1
87922,1,1
87923,1,1
87924,1,1
87925,1,1
87926,1,1
87927,1,1
87928,1,1
87929,1,1
87930,1,1
87931,1,1
87932,1,1
87933,1,1
87934,1,1
87935,0,1
87936,0,1
87937,0,1
87938,0,1
87939,1,1
87940,1,1
87941,1,1
87942,1,1
87943,1,1
87944,1,1
87945,1,1
87946,1,1
87947,1,1
87948,1,1
87949,1,1
87950,1,1
87951,1,1
87952,1,1
87953,1,1
87954,1,1
87955,1,1
87956,1,1
87957,1,1
87958,1,1
87959,1,1
87960,1,1
87961,1,1
87962,1,1
87963,1,1
87964,1,1
87965,1,1
87966,1,1
87967,1,1
87968,1,1
87969,1,1
87970,1,1
87971,1,1
87972,1,1
87973,1,1
87974,1,1
87975,1,1
87976,1,1
87977,1,1
87978,1,1
87979,1,1
87980,1,1
87981,1,1
87982,1,1
87983,1,1
87984,1,1
87985,1,1
87986,0,1
87987,0,1
87988,0,1
87989,1,1
87990,1,1
87991,1,1
87992,1,1
87993,1,1
87994,1,1
87995,1,1
87996,1,1
87997,1,1
87998,1,1
87999,1,1
88000,1,1
88001,1,1
88002,1,1
88003,1,1
88004,1,1
88005,1,1
88006,1,1
88007,1,1
88008,1,1
88009,1,1
88010,1,1
88011,1,1
88012,1,1
88013,1,1
88014,1,1
88015,0,1
88016,0,1
88017,0,1
88018,0,1
88019,1,1
88020,1,1
88021,1,1
88022,1,1
88023,1,1
88024,1,1
88025,1,1
88026,1,1
88027,1,1
88028,1,1
88029,1,1
88030,1,1
88031,1,1
88032,1,1
88033,1,1
88034,1,1
88035,1,1
88036,1,1
88037,1,1
88038,1,1
88039,1,1
88040,1,1
88041,1,1
88042,1,1
88043,1,1
88044,1,1
88045,1,1
88046,1,1
88047,1,1
88048,1,1
88049,1,1
88050,1,1
88051,1,1
88052,1,1
88053,1,1
88054,1,1
88055,1,1
88056,1,1
88057,1,1
88058,1,1
88059,1,1
88060,1,1
88061,1,1
88062,1,1
88063,1,1
88064,1,1
88065,1,1
88066,1,1
88067,1,1
88068,1,1
88069,1,1
88070,1,1
88071,1,1
88072,1,1
88073,1,1
88074,1,1
88075,1,1
88076,1,1
88077,1,1
88078,0,1
88079,0,1
88080,0,1
88081,0,1
88082,1,1
88083,1,1
88084,1,1
88085,1,1
88086,1,1
88087,1,1
88088,1,1
88089,1,1
88090,1,1
88091,1,1
88092,1,1
88093,1,1
88094,1,1
88095,1,1
88096,1,1
88097,1,1
88098,1,1
88099,1,1
88100,1,1
88101,1,1
88102,1,1
88103,1,1
88104,1,1
88105,1,1
88106,1,1
88107,1,1
88108,1,1
88109,1,1
88110,1,1
88111,1,1
88112,1,1
88113,0,1
88114,0,1
88115,0,1
88116,0,1
88117,0,1
88118,0,1
88119,0,1
88120,0,1
88121,0,1
88122,0,1
88123,0,1
88124,0,1
88125,0,1
88126,0,1
88127,1,1
88128,1,1
88129,1,1
88130,1,1
88131,1,1
88132,1,1
88133,1,1
88134,1,1
88135,1,1
88136,1,1
88137,1,1
88138,1,1
88139,0,1
88140,0,1
88141,0,1
88142,0,1
88143,0,1
88144,1,1
88145,1,1
88146,1,1
88147,1,1
88148,1,1
88149,1,1
88150,1,1
88151,1,1
88152,1,1
88153,1,1
88154,1,1
88155,1,1
88156,1,1
88157,1,1
88158,1,1
88159,1,1
88160,1,1
88161,1,1
88162,1,1
88163,1,1
88164,1,1
88165,1,1
88166,1,1
88167,1,1
88168,1,1
88169,1,1
88170,1,1
88171,1,1
88172,1,1
88173,1,1
88174,0,1
88175,0,1
88176,0,1
88177,0,1
88178,0,1
88179,0,1
88180,0,1
88181,0,1
88182,0,1
88183,0,1
88184,0,1
88185,0,1
88186,1,1
88187,1,1
88188,1,1
88189,1,1
88190,1,1
88191,1,1
88192,1,1
88193,1,1
88194,1,1
88195,1,1
88196,1,1
88197,1,1
88198,1,1
88199,1,1
88200,1,1
88201,1,1
88202,1,1
88203,1,1
88204,1,1
88205,1,1
88206,1,1
88207,1,1
88208,1,1
88209,1,1
88210,1,1
88211,1,1
88212,1,1
88213,1,1
88214,1,1
88215,1,1
88216,1,1
88217,1,1
88218,1,1
88219,1,1
88220,1,1
88221,1,1
88222,1,1
88223,1,1
88224,1,1
88225,1,1
88226,1,1
88227,1,1
88228,1,1
88229,1,1
88230,1,1
88231,0,1
88232,0,1
88233,0,1
88234,1,1
88235,1,1
88236,1,1
88237,1,1
88238,1,1
88239,1,1
88240,1,1
88241,1,1
88242,1,1
88243,1,1
88244,1,1
88245,1,1
88246,1,1
88247,1,1
88248,1,1
88249,1,1
88250,1,1
88251,1,1
88252,1,1
88253,1,1
88254,1,1
88255,1,1
88256,1,1
88257,1,1
88258,1,1
88259,1,1
88260,1,1
88261,1,1
88262,1,1
88263,1,1
88264,1,1
88265,1,1
88266,1,1
88267,1,1
88268,1,1
88269,1,1
88270,1,1
88271,1,1
88272,1,1
88273,1,1
88274,1,1
88275,1,1
88276,1,1
88277,1,1
88278,1,1
88279,0,1
88280,0,1
88281,0,1
88282,1,1
88283,1,1
88284,1,1
88285,1,1
88286,1,1
88287,1,1
88288,1,1
88289,1,1
88290,1,1
88291,1,1
88292,1,1
88293,1,1
88294,1,1
88295,1,1
88296,1,1
88297,1,1
88298,1,1
88299,1,1
88300,1,1
88301,1,1
88302,1,1
88303,1,1
88304,1,1
88305,1,1
88306,1,1
88307,1,1
88308,1,1
88309,1,1
88310,1,1
88311,1,1
88312,1,1
88313,1,1
88314,1,1
88315,1,1
88316,1,1
88317,1,1
88318,1,1
88319,1,1
88320,1,1
88321,1,1
88322,1,1
88323,1,1
88324,1,1
88325,1,1
88326,1,1
88327,1,1
88328,1,1
88329,1,1
88330,1,1
88331,1,1
88332,1,1
88333,0,1
88334,0,1
88335,0,1
88336,0,1
88337,0,1
88338,1,1
88339,1,1
88340,1,1
88341,1,1
88342,1,1
88343,1,1
88344,1,1
88345,1,1
88346,1,1
88347,1,1
88348,1,1
88349,1,1
88350,1,1
88351,1,1
88352,1,1
88353,1,1
88354,1,1
88355,1,1
88356,1,1
88357,1,1
88358,1,1
88359,1,1
88360,1,1
88361,1,1
88362,1,1
88363,1,1
88364,1,1
88365,1,1
88366,1,1
88367,1,1
88368,1,1
88369,1,1
88370,1,1
88371,1,1
88372,1,1
88373,1,1
88374,1,1
88375,1,1
88376,1,1
88377,1,1
88378,1,1
88379,1,1
88380,0,1
88381,0,1
88382,0,1
88383,0,1
88384,0,1
88385,0,1
88386,0,1
88387,0,1
88388,0,1
88389,0,1
88390,0,1
88391,0,1
88392,0,1
88393,0,1
88394,0,1
88395,0,1
88396,0,1
88397,0,1
88398,0,1
88399,0,1
88400,0,1
88401,0,1
88402,0,1
88403,0,1
88404,0,1
88405,0,1
88406,0,1
88407,1,1
88408,1,1
88409,1,1
88410,1,1
88411,1,1
88412,1,1
88413,1,1
88414,1,1
88415,1,1
88416,1,1
88417,1,1
88418,1,1
88419,1,1
88420,1,1
88421,1,1
88422,1,1
88423,1,1
88424,1,1
88425,1,1
88426,1,1
88427,1,1
88428,1,1
88429,1,1
88430,1,1
88431,1,1
88432,1,1
88433,1,1
88434,1,1
88435,1,1
88436,1,1
88437,1,1
88438,1,1
88439,1,1
88440,1,1
88441,1,1
88442,1,1
88443,1,1
88444,1,1
88445,1,1
88446,1,1
88447,1,1
88448,1,1
88449,1,1
88450,1,1
88451,1,1
88452,1,1
88453,1,1
88454,1,1
88455,1,1
88456,1,1
88457,0,1
88458,0,1
88459,0,1
88460,0,1
88461,0,1
88462,0,1
88463,1,1
88464,1,1
88465,1,1
88466,1,1
88467,1,1
88468,1,1
88469,1,1
88470,1,1
88471,1,1
88472,1,1
88473,1,1
88474,1,1
88475,1,1
88476,1,1
88477,1,1
88478,1,1
88479,1,1
88480,1,1
88481,1,1
88482,1,1
88483,1,1
88484,1,1
88485,1,1
88486,1,1
88487,1,1
88488,1,1
88489,1,1
88490,1,1
88491,1,1
88492,1,1
88493,1,1
88494,1,1
88495,1,1
88496,1,1
88497,1,1
88498,1,1
88499,1,1
88500,1,1
88501,1,1
88502,1,1
88503,1,1
88504,1,1
88505,1,1
88506,1,1
88507,1,1
88508,0,1
88509,0,1
88510,0,1
88511,1,1
88512,1,1
88513,1,1
88514,1,1
88515,1,1
88516,1,1
88517,1,1
88518,1,1
88519,1,1
88520,1,1
88521,1,1
88522,1,1
88523,1,1
88524,1,1
88525,1,1
88526,1,1
88527,1,1
88528,1,1
88529,1,1
88530,1,1
88531,1,1
88532,1,1
88533,1,1
88534,1,1
88535,1,1
88536,1,1
88537,1,1
88538,1,1
88539,1,1
88540,1,1
88541,1,1
88542,1,1
88543,1,1
88544,1,1
88545,1,1
88546,1,1
88547,1,1
88548,1,1
88549,1,1
88550,1,1
88551,1,1
88552,1,1
88553,1,1
88554,1,1
88555,1,1
88556,1,1
88557,1,1
88558,1,1
88559,1,1
88560,1,1
88561,1,1
88562,1,1
88563,1,1
88564,1,1
88565,1,1
88566,1,1
88567,1,1
88568,0,1
88569,0,1
88570,0,1
88571,0,1
88572,0,1
88573,0,1
88574,0,1
88575,0,1
88576,0,1
88577,0,1
88578,0,1
88579,0,1
88580,0,1
88581,0,1
88582,0,1
88583,1,1
88584,1,1
88585,1,1
88586,1,1
88587,1,1
88588,1,1
88589,1,1
88590,1,1
88591,1,1
88592,1,1
88593,1,1
88594,1,1
88595,1,1
88596,1,1
88597,1,1
88598,1,1
88599,1,1
88600,1,1
88601,1,1
88602,1,1
88603,0,1
88604,0,1
88605,0,1
88606,1,1
88607,1,1
88608,1,1
88609,1,1
88610,1,1
88611,1,1
88612,1,1
88613,1,1
88614,1,1
88615,1,1
88616,1,1
88617,1,1
88618,1,1
88619,1,1
88620,1,1
88621,1,1
88622,1,1
88623,1,1
88624,1,1
88625,1,1
88626,1,1
88627,1,1
88628,1,1
88629,1,1
88630,1,1
88631,1,1
88632,1,1
88633,1,1
88634,1,1
88635,1,1
88636,1,1
88637,1,1
88638,1,1
88639,1,1
88640,1,1
88641,1,1
88642,1,1
88643,1,1
88644,1,1
88645,0,1
88646,0,1
88647,0,1
88648,1,1
88649,1,1
88650,1,1
88651,1,1
88652,1,1
88653,1,1
88654,1,1
88655,1,1
88656,1,1
88657,1,1
88658,1,1
88659,1,1
88660,1,1
88661,1,1
88662,1,1
88663,1,1
88664,1,1
88665,1,1
88666,1,1
88667,1,1
88668,1,1
88669,1,1
88670,1,1
88671,1,1
88672,1,1
88673,1,1
88674,1,1
88675,1,1
88676,1,1
88677,1,1
88678,1,1
88679,1,1
88680,1,1
88681,1,1
88682,1,1
88683,1,1
88684,1,1
88685,1,1
88686,1,1
88687,1,1
88688,1,1
88689,1,1
88690,1,1
88691,1,1
88692,1,1
88693,1,1
88694,1,1
88695,1,1
88696,1,1
88697,1,1
88698,1,1
88699,1,1
88700,1,1
88701,1,1
88702,1,1
88703,1,1
88704,1,1
88705,1,1
88706,1,1
88707,0,1
88708,0,1
88709,0,1
88710,0,1
88711,1,1
88712,1,1
88713,1,1
88714,1,1
88715,1,1
88716,1,1
88717,1,1
88718,1,1
88719,1,1
88720,1,1
88721,1,1
88722,1,1
88723,1,1
88724,1,1
88725,1,1
88726,1,1
88727,1,1
88728,1,1
88729,1,1
88730,1,1
88731,1,1
88732,1,1
88733,1,1
88734,1,1
88735,1,1
88736,1,1
88737,1,1
88738,1,1
88739,1,1
88740,1,1
88741,1,1
88742,1,1
88743,1,1
88744,0,1
88745,0,1
88746,1,1
88747,1,1
88748,1,1
88749,1,1
88750,1,1
88751,1,1
88752,1,1
88753,1,1
88754,1,1
88755,1,1
88756,1,1
88757,1,1
88758,1,1
88759,1,1
88760,1,1
88761,1,1
88762,1,1
88763,1,1
88764,1,1
88765,0,1
88766,0,1
88767,0,1
88768,0,1
88769,0,1
88770,0,1
88771,0,1
88772,0,1
88773,0,1
88774,0,1
88775,0,1
88776,0,1
88777,0,1
88778,0,1
88779,0,1
88780,0,1
88781,0,1
88782,0,1
88783,0,1
88784,0,1
88785,0,1
88786,0,1
88787,1,1
88788,1,1
88789,1,1
88790,1,1
88791,1,1
88792,1,1
88793,1,1
88794,1,1
88795,1,1
88796,1,1
88797,1,1
88798,1,1
88799,1,1
88800,1,1
88801,1,1
88802,1,1
88803,1,1
88804,1,1
88805,1,1
88806,1,1
88807,1,1
88808,1,1
88809,1,1
88810,1,1
88811,1,1
88812,1,1
88813,1,1
88814,1,1
88815,1,1
88816,1,1
88817,1,1
88818,1,1
88819,1,1
88820,1,1
88821,1,1
88822,1,1
88823,1,1
88824,1,1
88825,1,1
88826,1,1
88827,1,1
88828,1,1
88829,1,1
88830,1,1
88831,1,1
88832,1,1
88833,1,1
88834,1,1
88835,1,1
88836,1,1
88837,1,1
88838,1,1
88839,1,1
88840,1,1
88841,1,1
88842,1,1
88843,1,1
88844,1,1
88845,1,1
88846,1,1
88847,1,1
88848,1,1
88849,1,1
88850,1,1
88851,0,1
88852,0,1
88853,0,1
88854,0,1
88855,1,1
88856,1,1
88857,1,1
88858,1,1
88859,1,1
88860,1,1
88861,1,1
88862,1,1
88863,1,1
88864,1,1
88865,1,1
88866,1,1
88867,1,1
88868,1,1
88869,1,1
88870,1,1
88871,1,1
88872,1,1
88873,1,1
88874,1,1
88875,1,1
88876,1,1
88877,1,1
88878,1,1
88879,1,1
88880,1,1
88881,1,1
88882,1,1
88883,1,1
88884,1,1
88885,1,1
88886,1,1
88887,1,1
88888,1,1
88889,1,1
88890,1,1
88891,1,1
88892,1,1
88893,1,1
88894,1,1
88895,1,1
88896,1,1
88897,1,1
88898,1,1
88899,1,1
88900,1,1
88901,1,1
88902,1,1
88903,1,1
88904,1,1
88905,1,1
88906,1,1
88907,1,1
88908,1,1
88909,1,1
88910,0,1
88911,0,1
88912,0,1
88913,0,1
88914,0,1
88915,0,1
88916,0,1
88917,0,1
88918,1,1
88919,1,1
88920,1,1
88921,1,1
88922,1,1
88923,1,1
88924,1,1
88925,1,1
88926,1,1
88927,1,1
88928,1,1
88929,1,1
88930,1,1
88931,1,1
88932,1,1
88933,1,1
88934,1,1
88935,1,1
88936,1,1
88937,1,1
88938,1,1
88939,1,1
88940,1,1
88941,1,1
88942,0,1
88943,0,1
88944,0,1
88945,0,1
88946,1,1
88947,1,1
88948,1,1
88949,1,1
88950,1,1
88951,1,1
88952,1,1
88953,1,1
88954,1,1
88955,1,1
88956,1,1
88957,1,1
88958,1,1
88959,1,1
88960,1,1
88961,1,1
88962,1,1
88963,1,1
88964,1,1
88965,1,1
88966,1,1
88967,1,1
88968,1,1
88969,1,1
88970,1,1
88971,1,1
88972,1,1
88973,1,1
88974,1,1
88975,1,1
88976,1,1
88977,1,1
88978,1,1
88979,1,1
88980,1,1
88981,1,1
88982,1,1
88983,1,1
88984,1,1
88985,1,1
88986,1,1
88987,1,1
88988,1,1
88989,1,1
88990,1,1
88991,1,1
88992,1,1
88993,1,1
88994,1,1
88995,1,1
88996,1,1
88997,1,1
88998,1,1
88999,1,1
89000,1,1
89001,1,1
89002,1,1
89003,1,1
89004,1,1
89005,1,1
89006,1,1
89007,1,1
89008,1,1
89009,1,1
89010,1,1
89011,1,1
89012,1,1
89013,1,1
89014,1,1
89015,1,1
89016,1,1
89017,1,1
89018,1,1
89019,1,1
89020,1,1
89021,1,1
89022,1,1
89023,1,1
89024,1,1
89025,1,1
89026,1,1
89027,1,1
89028,1,1
89029,1,1
89030,1,1
89031,1,1
89032,1,1
89033,1,1
89034,1,1
89035,1,1
89036,1,1
89037,1,1
89038,1,1
89039,1,1
89040,1,1
89041,1,1
89042,1,1
89043,1,1
89044,0,1
89045,0,1
89046,0,1
89047,1,1
89048,1,1
89049,1,1
89050,1,1
89051,1,1
89052,1,1
89053,1,1
89054,1,1
89055,1,1
89056,1,1
89057,1,1
89058,1,1
89059,1,1
89060,1,1
89061,1,1
89062,1,1
89063,1,1
89064,1,1
89065,1,1
89066,1,1
89067,1,1
89068,1,1
89069,1,1
89070,1,1
89071,1,1
89072,1,1
89073,1,1
89074,1,1
89075,1,1
89076,1,1
89077,0,1
89078,0,1
89079,0,1
89080,0,1
89081,0,1
89082,0,1
89083,1,1
89084,1,1
89085,1,1
89086,1,1
89087,1,1
89088,1,1
89089,1,1
89090,1,1
89091,1,1
89092,1,1
89093,1,1
89094,1,1
89095,1,1
89096,1,1
89097,1,1
89098,1,1
89099,1,1
89100,1,1
89101,1,1
89102,1,1
89103,1,1
89104,1,1
89105,1,1
89106,1,1
89107,1,1
89108,1,1
89109,1,1
89110,1,1
89111,1,1
89112,1,1
89113,1,1
89114,1,1
89115,1,1
89116,1,1
89117,1,1
89118,1,1
89119,1,1
89120,1,1
89121,1,1
89122,1,1
89123,1,1
89124,1,1
89125,1,1
89126,1,1
89127,1,1
89128,1,1
89129,1,1
89130,1,1
89131,1,1
89132,1,1
89133,1,1
89134,1,1
89135,1,1
89136,1,1
89137,1,1
89138,1,1
89139,1,1
89140,1,1
89141,1,1
89142,1,1
89143,1,1
89144,1,1
89145,1,1
89146,1,1
89147,1,1
89148,1,1
89149,1,1
89150,1,1
89151,1,1
89152,1,1
89153,1,1
89154,1,1
89155,1,1
89156,1,1
89157,1,1
89158,1,1
89159,1,1
89160,1,1
89161,0,1
89162,0,1
89163,0,1
89164,0,1
89165,0,1
89166,1,1
89167,1,1
89168,1,1
89169,1,1
89170,1,1
89171,1,1
89172,1,1
89173,1,1
89174,1,1
89175,1,1
89176,1,1
89177,1,1
89178,1,1
89179,1,1
89180,1,1
89181,1,1
89182,1,1
89183,1,1
89184,1,1
89185,1,1
89186,1,1
89187,1,1
89188,1,1
89189,1,1
89190,1,1
89191,1,1
89192,1,1
89193,1,1
89194,1,1
89195,1,1
89196,1,1
89197,1,1
89198,1,1
89199,1,1
89200,1,1
89201,1,1
89202,1,1
89203,1,1
89204,1,1
89205,1,1
89206,1,1
89207,1,1
89208,1,1
89209,1,1
89210,1,1
89211,1,1
89212,1,1
89213,1,1
89214,1,1
89215,1,1
89216,1,1
89217,1,1
89218,1,1
89219,1,1
89220,1,1
89221,1,1
89222,1,1
89223,1,1
89224,1,1
89225,1,1
89226,1,1
89227,1,1
89228,1,1
89229,1,1
89230,1,1
89231,1,1
89232,1,1
89233,1,1
89234,1,1
89235,1,1
89236,1,1
89237,1,1
89238,1,1
89239,1,1
89240,1,1
89241,1,1
89242,1,1
89243,1,1
89244,1,1
89245,1,1
89246,1,1
89247,1,1
89248,1,1
89249,1,1
89250,1,1
89251,1,1
89252,1,1
89253,1,1
89254,1,1
89255,1,1
89256,1,1
89257,1,1
89258,1,1
89259,1,1
89260,1,1
89261,1,1
89262,1,1
89263,1,1
89264,1,1
89265,1,1
89266,1,1
89267,1,1
89268,1,1
89269,1,1
89270,1,1
89271,1,1
89272,1,1
89273,1,1
89274,1,1
89275,1,1
89276,1,1
89277,1,1
89278,1,1
89279,1,1
89280,1,1
89281,1,1
89282,1,1
89283,1,1
89284,1,1
89285,1,1
89286,1,1
89287,1,1
89288,1,1
89289,1,1
89290,1,1
89291,1,1
89292,1,1
89293,1,1
89294,1,1
89295,1,1
89296,1,1
89297,1,1
89298,1,1
89299,1,1
89300,1,1
89301,1,1
89302,1,1
89303,1,1
89304,1,1
89305,1,1
89306,1,1
89307,1,1
89308,1,1
89309,1,1
89310,1,1
89311,1,1
89312,1,1
89313,1,1
89314,1,1
89315,1,1
89316,1,1
89317,1,1
89318,1,1
89319,1,1
89320,1,1
89321,1,1
89322,1,1
89323,1,1
89324,1,1
89325,1,1
89326,1,1
89327,1,1
89328,1,1
89329,1,1
89330,1,1
89331,1,1
89332,1,1
89333,1,1
89334,1,1
89335,1,1
89336,1,1
89337,1,1
89338,1,1
89339,1,1
89340,1,1
89341,1,1
89342,1,1
89343,1,1
89344,1,1
89345,1,1
89346,1,1
89347,1,1
89348,1,1
89349,1,1
89350,1,1
89351,1,1
89352,1,1
89353,1,1
89354,1,1
89355,1,1
89356,1,1
89357,1,1
89358,1,1
89359,1,1
89360,1,1
89361,1,1
89362,1,1
89363,1,1
89364,1,1
89365,1,1
89366,1,1
89367,1,1
89368,1,1
89369,1,1
89370,1,1
89371,1,1
89372,1,1
89373,1,1
89374,1,1
89375,1,1
89376,1,1
89377,1,1
89378,1,1
89379,1,1
89380,1,1
89381,1,1
89382,1,1
89383,1,1
89384,1,1
89385,1,1
89386,1,1
89387,1,1
89388,1,1
89389,1,1
89390,1,1
89391,1,1
89392,1,1
89393,1,1
89394,1,1
89395,1,1
89396,1,1
89397,1,1
89398,1,1
89399,1,1
89400,1,1
89401,1,1
89402,1,1
89403,1,1
89404,1,1
89405,1,1
89406,1,1
89407,1,1
89408,1,1
89409,1,1
89410,1,1
89411,1,1
89412,1,1
89413,1,1
89414,1,1
89415,1,1
89416,1,1
89417,0,1
89418,0,1
89419,0,1
89420,0,1
89421,0,1
89422,0,1
89423,0,1
89424,0,1
89425,0,1
89426,0,1
89427,0,1
89428,1,1
89429,1,1
89430,1,1
89431,1,1
89432,1,1
89433,1,1
89434,1,1
89435,1,1
89436,1,1
89437,1,1
89438,1,1
89439,1,1
89440,1,1
89441,1,1
89442,1,1
89443,1,1
89444,1,1
89445,1,1
89446,1,1
89447,1,1
89448,1,1
89449,1,1
89450,1,1
89451,1,1
89452,1,1
89453,1,1
89454,1,1
89455,1,1
89456,1,1
89457,1,1
89458,0,1
89459,0,1
89460,0,1
89461,0,1
89462,0,1
89463,0,1
89464,0,1
89465,0,1
89466,0,1
89467,1,1
89468,1,1
89469,1,1
89470,1,1
89471,1,1
89472,1,1
89473,1,1
89474,1,1
89475,1,1
89476,1,1
89477,1,1
89478,1,1
89479,1,1
89480,1,1
89481,1,1
89482,1,1
89483,1,1
89484,1,1
89485,1,1
89486,1,1
89487,1,1
89488,1,1
89489,0,1
89490,0,1
89491,0,1
89492,0,1
89493,0,1
89494,1,1
89495,1,1
89496,1,1
89497,1,1
89498,1,1
89499,1,1
89500,1,1
89501,1,1
89502,1,1
89503,1,1
89504,1,1
89505,1,1
89506,1,1
89507,1,1
89508,1,1
89509,1,1
89510,1,1
89511,1,1
89512,1,1
89513,1,1
89514,1,1
89515,1,1
89516,1,1
89517,1,1
89518,1,1
89519,1,1
89520,1,1
89521,1,1
89522,1,1
89523,1,1
89524,1,1
89525,1,1
89526,1,1
89527,1,1
89528,1,1
89529,1,1
89530,1,1
89531,1,1
89532,1,1
89533,1,1
89534,1,1
89535,1,1
89536,1,1
89537,1,1
89538,1,1
89539,1,1
89540,1,1
89541,1,1
89542,1,1
89543,1,1
89544,1,1
89545,0,1
89546,0,1
89547,0,1
89548,0,1
89549,0,1
89550,0,1
89551,1,1
89552,1,1
89553,1,1
89554,1,1
89555,1,1
89556,1,1
89557,1,1
89558,1,1
89559,1,1
89560,1,1
89561,1,1
89562,1,1
89563,1,1
89564,1,1
89565,1,1
89566,1,1
89567,1,1
89568,1,1
89569,1,1
89570,1,1
89571,1,1
89572,1,1
89573,1,1
89574,1,1
89575,1,1
89576,1,1
89577,1,1
89578,1,1
89579,1,1
89580,1,1
89581,0,1
89582,0,1
89583,0,1
89584,0,1
89585,0,1
89586,0,1
89587,0,1
89588,0,0
89589,0,0
89590,0,0
89591,0,0
89592,0,0
89593,0,0
89594,0,0
89595,0,0
89596,0,0
89597,0,0
89598,0,0
89599,0,0
89600,0,0
89601,0,0
89602,0,0
89603,0,0
89604,0,1
89605,1,1
89606,1,1
89607,1,1
89608,1,1
89609,1,1
89610,1,1
89611,1,1
89612,1,1
89613,1,1
89614,1,1
89615,1,1
89616,1,1
89617,1,1
89618,1,1
89619,1,1
89620,1,1
89621,1,1
89622,1,1
89623,1,1
89624,1,1
89625,1,1
89626,1,1
89627,1,1
89628,1,1
89629,1,1
89630,1,1
89631,1,1
89632,1,1
89633,1,1
89634,1,1
89635,1,1
89636,1,1
89637,1,1
89638,1,1
89639,1,1
89640,1,1
89641,1,1
89642,1,1
89643,1,1
89644,1,1
89645,1,1
89646,1,1
89647,0,1
89648,0,1
89649,0,1
89650,0,1
89651,0,1
89652,0,1
89653,0,1
89654,0,1
89655,0,1
89656,0,1
89657,0,1
89658,0,1
89659,0,1
89660,0,1
89661,0,1
89662,0,1
89663,0,1
89664,0,1
89665,0,1
89666,0,1
89667,0,1
89668,0,1
89669,0,1
89670,0,1
89671,0,1
89672,0,1
89673,0,1
89674,0,1
89675,1,1
89676,1,1
89677,1,1
89678,1,1
89679,1,1
89680,1,1
89681,1,1
89682,1,1
89683,1,1
89684,1,1
89685,1,1
89686,1,1
89687,1,1
89688,1,1
89689,1,1
89690,1,1
89691,1,1
89692,0,1
89693,0,1
89694,0,1
89695,0,1
89696,0,1
89697,0,1
89698,0,1
89699,0,1
89700,0,1
89701,0,1
89702,0,1
89703,0,1
89704,1,1
89705,1,1
89706,1,1
89707,1,1
89708,1,1
89709,1,1
89710,1,1
89711,1,1
89712,1,1
89713,1,1
89714,1,1
89715,1,1
89716,1,1
89717,1,1
89718,1,1
89719,1,1
89720,1,1
89721,1,1
89722,1,1
89723,1,1
89724,1,1
89725,1,1
89726,1,1
89727,1,1
89728,1,1
89729,1,1
89730,1,1
89731,1,1
89732,1,1
89733,1,1
89734,1,1
89735,1,1
89736,1,1
89737,1,1
89738,1,1
89739,1,1
89740,1,1
89741,1,1
89742,1,1
89743,1,1
89744,1,1
89745,0,1
89746,0,1
89747,0,1
89748,0,1
89749,0,1
89750,1,1
89751,1,1
89752,1,1
89753,1,1
89754,1,1
89755,1,1
89756,1,1
89757,1,1
89758,1,1
89759,1,1
89760,1,1
89761,1,1
89762,1,1
89763,1,1
89764,1,1
89765,1,1
89766,1,1
89767,1,1
89768,1,1
89769,1,1
89770,1,1
89771,1,1
89772,1,1
89773,1,1
89774,1,1
89775,1,1
89776,1,1
89777,1,1
89778,1,1
89779,1,1
89780,1,1
89781,1,1
89782,1,1
89783,1,1
89784,1,1
89785,1,1
89786,1,1
89787,1,1
89788,1,1
89789,1,1
89790,1,1
89791,1,1
89792,1,1
89793,1,1
89794,1,1
89795,1,1
89796,1,1
89797,1,1
89798,1,1
89799,1,1
89800,1,1
89801,1,1
89802,1,1
89803,1,1
89804,1,1
89805,1,1
89806,1,1
89807,1,1
89808,1,1
89809,1,1
89810,1,1
89811,1,1
89812,1,1
89813,1,1
89814,1,1
89815,1,1
89816,1,1
89817,1,1
89818,1,1
89819,1,1
89820,1,1
89821,1,1
89822,1,1
89823,1,1
89824,1,1
89825,1,1
89826,1,1
89827,1,1
89828,1,1
89829,1,1
89830,1,1
89831,1,1
89832,1,1
89833,1,1
89834,1,1
89835,1,1
89836,1,1
89837,1,1
89838,1,1
89839,1,1
89840,1,1
89841,1,1
89842,1,1
89843,1,1
89844,1,1
89845,1,1
89846,1,1
89847,1,1
89848,1,1
89849,0,1
89850,0,1
89851,0,1
89852,0,1
89853,0,1
89854,0,1
89855,0,1
89856,0,1
89857,0,1
89858,0,1
89859,0,1
89860,0,1
89861,0,1
89862,0,1
89863,0,1
89864,0,1
89865,0,1
89866,0,1
89867,0,1
89868,0,1
89869,0,1
89870,0,1
89871,0,1
89872,0,1
89873,0,1
89874,0,1
89875,0,1
89876,1,1
89877,1,1
89878,1,1
89879,1,1
89880,1,1
89881,1,1
89882,1,1
89883,1,1
89884,1,1
89885,1,1
89886,1,1
89887,1,1
89888,1,1
89889,1,1
89890,1,1
89891,1,1
89892,1,1
89893,1,1
89894,1,1
89895,1,1
89896,1,1
89897,1,1
89898,1,1
89899,1,1
89900,1,1
89901,1,1
89902,1,1
89903,1,1
89904,1,1
89905,1,1
89906,1,1
89907,1,1
89908,1,1
89909,1,1
89910,1,1
89911,1,1
89912,1,1
89913,1,1
89914,1,1
89915,1,1
89916,1,1
89917,1,1
89918,1,1
89919,1,1
89920,1,1
89921,1,1
89922,1,1
89923,1,1
89924,1,1
89925,1,1
89926,1,1
89927,1,1
89928,1,1
89929,1,1
89930,1,1
89931,1,1
89932,1,1
89933,1,1
89934,1,1
89935,1,1
89936,1,1
89937,0,1
89938,0,1
89939,0,1
89940,0,1
89941,0,1
89942,0,1
89943,0,1
89944,0,1
89945,0,1
89946,0,1
89947,1,1
89948,1,1
89949,1,1
89950,1,1
89951,1,1
89952,1,1
89953,1,1
89954,1,1
89955,1,1
89956,1,1
89957,1,1
89958,1,1
89959,1,1
89960,1,1
89961,1,1
89962,1,1
89963,1,1
89964,1,1
89965,1,1
89966,1,1
89967,1,1
89968,1,1
89969,1,1
89970,1,1
89971,1,1
89972,1,1
89973,1,1
89974,1,1
89975,0,1
89976,0,1
89977,1,1
89978,1,1
89979,1,1
89980,1,1
89981,1,1
89982,1,1
89983,1,1
89984,1,1
89985,1,1
89986,1,1
89987,1,1
89988,1,1
89989,1,1
89990,1,1
89991,1,1
89992,1,1
89993,1,1
89994,1,1
89995,1,1
89996,1,1
89997,1,1
89998,1,1
89999,1,1
90000,1,1
90001,1,1
90002,1,1
90003,1,1
90004,1,1
90005,1,1
90006,1,1
90007,1,1
90008,1,1
90009,1,1
90010,1,1
90011,1,1
90012,1,1
90013,1,1
90014,0,1
90015,0,1
90016,1,1
90017,1,1
90018,1,1
90019,1,1
90020,1,1
90021,1,1
90022,1,1
90023,1,1
90024,1,1
90025,1,1
90026,1,1
90027,1,1
90028,1,1
90029,1,1
90030,1,1
90031,1,1
90032,1,1
90033,1,1
90034,1,1
90035,1,1
90036,1,1
90037,1,1
90038,1,1
90039,1,1
90040,1,1
90041,1,1
90042,1,1
90043,1,1
90044,1,1
90045,1,1
90046,1,1
90047,1,1
90048,1,1
90049,1,1
90050,0,1
90051,0,1
90052,1,1
90053,1,1
90054,1,1
90055,1,1
90056,1,1
90057,1,1
90058,1,1
90059,1,1
90060,1,1
90061,1,1
90062,1,1
90063,1,1
90064,1,1
90065,1,1
90066,1,1
90067,1,1
90068,1,1
90069,1,1
90070,1,1
90071,1,1
90072,1,1
90073,1,1
90074,1,1
90075,1,1
90076,1,1
90077,1,1
90078,1,1
90079,1,1
90080,1,1
90081,1,1
90082,1,1
90083,1,1
90084,0,1
90085,0,1
90086,0,1
90087,0,1
90088,0,1
90089,0,1
90090,0,1
90091,0,1
90092,0,1
90093,0,1
90094,0,1
90095,0,1
90096,0,1
90097,0,1
90098,0,1
90099,0,1
90100,0,1
90101,0,1
90102,0,1
90103,0,1
90104,0,1
90105,0,1
90106,0,1
90107,0,1
90108,0,1
90109,0,1
90110,0,1
90111,0,1
90112,0,1
90113,0,1
90114,0,1
90115,0,1
90116,0,1
90117,0,1
90118,1,1
90119,1,1
90120,1,1
90121,1,1
90122,1,1
90123,1,1
90124,1,1
90125,1,1
90126,1,1
90127,1,1
90128,1,1
90129,1,1
90130,1,1
90131,1,1
90132,1,1
90133,1,1
90134,1,1
90135,1,1
90136,0,1
90137,0,1
90138,0,1
90139,0,1
90140,1,1
90141,1,1
90142,1,1
90143,1,1
90144,1,1
90145,1,1
90146,1,1
90147,1,1
90148,1,1
90149,1,1
90150,1,1
90151,1,1
90152,1,1
90153,1,1
90154,1,1
90155,1,1
90156,1,1
90157,1,1
90158,1,1
90159,1,1
90160,0,1
90161,0,1
90162,0,1
90163,0,1
90164,0,1
90165,0,1
90166,0,1
90167,0,1
90168,0,1
90169,0,1
90170,1,1
90171,1,1
90172,1,1
90173,1,1
90174,1,1
90175,1,1
90176,1,1
90177,1,1
90178,1,1
90179,1,1
90180,1,1
90181,1,1
90182,1,1
90183,1,1
90184,1,1
90185,1,1
90186,1,1
90187,1,1
90188,1,1
90189,1,1
90190,0,1
90191,0,1
90192,0,1
90193,0,1
90194,1,1
90195,1,1
90196,1,1
90197,1,1
90198,1,1
90199,1,1
90200,1,1
90201,1,1
90202,1,1
90203,1,1
90204,1,1
90205,1,1
90206,1,1
90207,1,1
90208,1,1
90209,1,1
90210,1,1
90211,0,1
90212,0,1
90213,0,1
90214,0,1
90215,0,1
90216,1,1
90217,1,1
90218,1,1
90219,1,1
90220,1,1
90221,1,1
90222,1,1
90223,1,1
90224,1,1
90225,1,1
90226,1,1
90227,1,1
90228,1,1
90229,1,1
90230,1,1
90231,1,1
90232,1,1
90233,1,1
90234,1,1
90235,1,1
90236,1,1
90237,1,1
90238,0,1
90239,0,1
90240,0,1
90241,0,1
90242,0,1
90243,0,1
90244,0,1
90245,0,1
90246,0,1
90247,0,1
90248,0,1
90249,1,1
90250,1,1
90251,1,1
90252,1,1
90253,1,1
90254,1,1
90255,1,1
90256,1,1
90257,1,1
90258,1,1
90259,1,1
90260,1,1
90261,1,1
90262,1,1
90263,1,1
90264,1,1
90265,1,1
90266,1,1
90267,1,1
90268,1,1
90269,1,1
90270,1,1
90271,1,1
90272,1,1
90273,1,1
90274,1,1
90275,1,1
90276,1,1
90277,1,1
90278,1,1
90279,1,1
90280,1,1
90281,1,1
90282,1,1
90283,1,1
90284,1,1
90285,1,1
90286,1,1
90287,1,1
90288,1,1
90289,1,1
90290,1,1
90291,1,1
90292,1,1
90293,1,1
90294,1,1
90295,1,1
90296,1,1
90297,1,1
90298,1,1
90299,0,1
90300,0,1
90301,0,1
90302,0,1
90303,0,1
90304,1,1
90305,1,1
90306,1,1
90307,1,1
90308,1,1
90309,1,1
90310,1,1
90311,1,1
90312,1,1
90313,1,1
90314,1,1
90315,1,1
90316,1,1
90317,1,1
90318,1,1
90319,1,1
90320,1,1
90321,1,1
90322,1,1
90323,1,1
90324,1,1
90325,1,1
90326,1,1
90327,1,1
90328,1,1
90329,1,1
90330,1,1
90331,1,1
90332,1,1
90333,1,1
90334,1,1
90335,1,1
90336,1,1
90337,1,1
90338,1,1
90339,1,1
90340,0,1
90341,0,1
90342,0,1
90343,0,1
90344,0,1
90345,0,1
90346,0,1
90347,0,1
90348,0,1
90349,1,1
90350,1,1
90351,1,1
90352,1,1
90353,1,1
90354,1,1
90355,1,1
90356,1,1
90357,1,1
90358,1,1
90359,1,1
90360,1,1
90361,1,1
90362,1,1
90363,1,1
90364,1,1
90365,1,1
90366,1,1
90367,1,1
90368,1,1
90369,1,1
90370,1,1
90371,1,1
90372,1,1
90373,1,1
90374,1,1
90375,1,1
90376,1,1
90377,1,1
90378,1,1
90379,1,1
90380,1,1
90381,0,1
90382,0,1
90383,1,1
90384,1,1
90385,1,1
90386,1,1
90387,1,1
90388,1,1
90389,1,1
90390,1,1
90391,1,1
90392,1,1
90393,1,1
90394,1,1
90395,1,1
90396,1,1
90397,1,1
90398,1,1
90399,1,1
90400,1,1
90401,1,1
90402,1,1
90403,1,1
90404,1,1
90405,1,1
90406,1,1
90407,1,1
90408,1,1
90409,1,1
90410,1,1
90411,1,1
90412,1,1
90413,1,1
90414,1,1
90415,1,1
90416,1,1
90417,1,1
90418,1,1
90419,1,1
90420,1,1
90421,1,1
90422,1,1
90423,1,1
90424,1,1
90425,1,1
90426,1,1
90427,1,1
90428,1,1
90429,1,1
90430,1,1
90431,1,1
90432,1,1
90433,1,1
90434,1,1
90435,1,1
90436,1,1
90437,1,1
90438,1,1
90439,1,1
90440,1,1
90441,1,1
90442,1,1
90443,1,1
90444,1,1
90445,1,1
90446,1,1
90447,1,1
90448,1,1
90449,1,1
90450,1,1
90451,1,1
90452,1,1
90453,0,1
90454,1,1
90455,1,1
90456,1,1
90457,1,1
90458,1,1
90459,1,1
90460,1,1
90461,1,1
90462,1,1
90463,1,1
90464,1,1
90465,1,1
90466,1,1
90467,1,1
90468,1,1
90469,1,1
90470,1,1
90471,1,1
90472,1,1
90473,1,1
90474,1,1
90475,1,1
90476,1,1
90477,1,1
90478,1,1
90479,1,1
90480,1,1
90481,1,1
90482,1,1
90483,1,1
90484,1,1
90485,1,1
90486,1,1
90487,1,1
90488,1,1
90489,1,1
90490,1,1
90491,1,1
90492,1,1
90493,1,1
90494,1,1
90495,1,1
90496,1,1
90497,1,1
90498,1,1
90499,1,1
90500,1,1
90501,1,1
90502,1,1
90503,1,1
90504,1,1
90505,1,1
90506,1,1
90507,1,1
90508,1,1
90509,1,1
90510,0,1
90511,0,1
90512,0,0
90513,0,0
90514,0,0
90515,0,0
90516,0,0
90517,0,0
90518,0,0
90519,0,0
90520,0,0
90521,0,0
90522,0,0
90523,0,0
90524,0,0
90525,0,0
90526,0,0
90527,0,0
90528,0,0
90529,0,0
90530,0,0
90531,0,0
90532,0,0
90533,0,0
90534,0,1
90535,0,1
90536,0,1
90537,1,1
90538,1,1
90539,1,1
90540,1,1
90541,1,1
90542,1,1
90543,1,1
90544,1,1
90545,1,1
90546,1,1
90547,1,1
90548,1,1
90549,1,1
90550,1,1
90551,1,1
90552,1,1
90553,1,1
90554,1,1
90555,1,1
90556,1,1
90557,1,1
90558,1,1
90559,1,1
90560,1,1
90561,1,1
90562,1,1
90563,1,1
90564,1,1
90565,1,1
90566,1,1
90567,1,1
90568,1,1
90569,1,1
90570,1,1
90571,1,1
90572,1,1
90573,1,1
90574,1,1
90575,1,1
90576,1,1
90577,1,1
90578,1,1
90579,1,1
90580,1,1
90581,1,1
90582,1,1
90583,1,1
90584,1,1
90585,1,1
90586,1,1
90587,1,1
90588,1,1
90589,1,1
90590,1,1
90591,1,1
90592,1,1
90593,1,1
90594,1,1
90595,1,1
90596,1,1
90597,1,1
90598,1,1
90599,1,1
90600,1,1
90601,1,1
90602,1,1
90603,1,1
90604,1,1
90605,1,1
90606,1,1
90607,1,1
90608,1,1
90609,1,1
90610,1,1
90611,1,1
90612,1,1
90613,1,1
90614,1,1
90615,1,1
90616,1,1
90617,0,1
90618,0,1
90619,0,1
90620,1,1
90621,1,1
90622,1,1
90623,1,1
90624,1,1
90625,1,1
90626,1,1
90627,1,1
90628,1,1
90629,1,1
90630,1,1
90631,1,1
90632,1,1
90633,1,1
90634,1,1
90635,1,1
90636,1,1
90637,1,1
90638,1,1
90639,1,1
90640,1,1
90641,1,1
90642,1,1
90643,1,1
90644,1,1
90645,1,1
90646,1,1
90647,1,1
90648,1,1
90649,1,1
90650,1,1
90651,1,1
90652,1,1
90653,1,1
90654,1,1
90655,1,1
90656,1,1
90657,1,1
90658,1,1
90659,1,1
90660,1,1
90661,1,1
90662,1,1
90663,1,1
90664,1,1
90665,1,1
90666,1,1
90667,1,1
90668,1,1
90669,1,1
90670,1,1
90671,1,1
90672,1,1
90673,1,1
90674,1,1
90675,1,1
90676,1,1
90677,1,1
90678,1,1
90679,1,1
90680,1,1
90681,1,1
90682,1,1
90683,1,1
90684,1,1
90685,1,1
90686,1,1
90687,1,1
90688,1,1
90689,1,1
90690,1,1
90691,1,1
90692,1,1
90693,1,1
90694,1,1
90695,1,1
90696,1,1
90697,1,1
90698,1,1
90699,1,1
90700,1,1
90701,1,1
90702,0,1
90703,1,1
90704,1,1
90705,1,1
90706,1,1
90707,1,1
90708,1,1
90709,1,1
90710,1,1
90711,1,1
90712,1,1
90713,1,1
90714,1,1
90715,1,1
90716,1,1
90717,1,1
90718,1,1
90719,1,1
90720,1,1
90721,1,1
90722,1,1
90723,1,1
90724,1,1
90725,1,1
90726,1,1
90727,1,1
90728,1,1
90729,1,1
90730,1,1
90731,1,1
90732,1,1
90733,1,1
90734,1,1
90735,1,1
90736,1,1
90737,1,1
90738,1,1
90739,1,1
90740,1,1
90741,1,1
90742,1,1
90743,1,1
90744,1,1
90745,1,1
90746,1,1
90747,1,1
90748,1,1
90749,1,1
90750,1,1
90751,1,1
90752,1,1
90753,1,1
90754,1,1
90755,1,1
90756,1,1
90757,1,1
90758,1,1
90759,1,1
90760,1,1
90761,1,1
90762,1,1
90763,1,1
90764,0,1
90765,0,1
90766,1,1
90767,1,1
90768,1,1
90769,1,1
90770,1,1
90771,1,1
90772,1,1
90773,1,1
90774,1,1
90775,1,1
90776,1,1
90777,1,1
90778,1,1
90779,1,1
90780,1,1
90781,1,1
90782,1,1
90783,1,1
90784,1,1
90785,1,1
90786,1,1
90787,1,1
90788,1,1
90789,1,1
90790,1,1
90791,1,1
90792,1,1
90793,1,1
90794,1,1
90795,1,1
90796,1,1
90797,1,1
90798,1,1
90799,1,1
90800,1,1
90801,1,1
90802,1,1
90803,1,1
90804,1,1
90805,1,1
90806,1,1
90807,1,1
90808,1,1
90809,1,1
90810,1,1
90811,1,1
90812,1,1
90813,1,1
90814,1,1
90815,1,1
90816,1,1
90817,1,1
90818,1,1
90819,1,1
90820,1,1
90821,1,1
90822,1,1
90823,1,1
90824,1,1
90825,1,1
90826,1,1
90827,1,1
90828,1,1
90829,1,1
90830,1,1
90831,1,1
90832,1,1
90833,1,1
90834,1,1
90835,1,1
90836,1,1
90837,1,1
90838,1,1
90839,1,1
90840,1,1
90841,1,1
90842,1,1
90843,1,1
90844,1,1
90845,1,1
90846,1,1
90847,1,1
90848,1,1
90849,0,1
90850,0,1
90851,1,1
90852,1,1
90853,1,1
90854,1,1
90855,1,1
90856,1,1
90857,1,1
90858,1,1
90859,1,1
90860,1,1
90861,1,1
90862,1,1
90863,1,1
90864,1,1
90865,1,1
90866,1,1
90867,1,1
90868,1,1
90869,1,1
90870,1,1
90871,1,1
90872,1,1
90873,1,1
90874,1,1
90875,1,1
90876,1,1
90877,1,1
90878,1,1
90879,1,1
90880,1,1
90881,1,1
90882,1,1
90883,1,1
90884,1,1
90885,1,1
90886,1,1
90887,1,1
90888,1,1
90889,1,1
90890,1,1
90891,1,1
90892,1,1
90893,1,1
90894,1,1
90895,1,1
90896,1,1
90897,1,1
90898,1,1
90899,1,1
90900,1,1
90901,1,1
90902,1,1
90903,1,1
90904,1,1
90905,1,1
90906,1,1
90907,1,1
90908,1,1
90909,1,1
90910,1,1
90911,1,1
90912,1,1
90913,1,1
90914,1,1
90915,1,1
90916,1,1
90917,1,1
90918,1,1
90919,1,1
90920,1,1
90921,1,1
90922,1,1
90923,1,1
90924,1,1
90925,1,1
90926,1,1
90927,1,1
90928,1,1
90929,1,1
90930,1,1
90931,1,1
90932,1,1
90933,1,1
90934,1,1
90935,1,1
90936,1,1
90937,1,1
90938,1,1
90939,1,1
90940,1,1
90941,1,1
90942,1,1
90943,1,1
90944,1,1
90945,1,1
90946,1,1
90947,1,1
90948,1,1
90949,1,1
90950,1,1
90951,1,1
90952,1,1
90953,1,1
90954,1,1
90955,1,1
90956,1,1
90957,1,1
90958,1,1
90959,1,1
90960,1,1
90961,1,1
90962,1,1
90963,1,1
90964,1,1
90965,1,1
90966,1,1
90967,1,1
90968,0,1
90969,0,1
90970,0,1
90971,0,1
90972,0,1
90973,0,1
90974,0,1
90975,0,1
90976,0,1
90977,0,1
90978,0,1
90979,0,1
90980,0,1
90981,0,1
90982,0,1
90983,0,1
90984,0,1
90985,0,1
90986,0,1
90987,0,1
90988,0,1
90989,0,1
90990,0,1
90991,0,1
90992,0,1
90993,0,1
90994,1,1
90995,1,1
90996,1,1
90997,1,1
90998,1,1
90999,1,1
91000,1,1
91001,1,1
91002,1,1
91003,1,1
91004,1,1
91005,1,1
91006,1,1
91007,1,1
91008,1,1
91009,1,1
91010,1,1
91011,1,1
91012,1,1
91013,1,1
91014,1,1
91015,1,1
91016,1,1
91017,1,1
91018,1,1
91019,1,1
91020,1,1
91021,1,1
91022,1,1
91023,1,1
91024,1,1
91025,1,1
91026,1,1
91027,1,1
91028,1,1
91029,1,1
91030,1,1
91031,1,1
91032,1,1
91033,1,1
91034,1,1
91035,1,1
91036,1,1
91037,1,1
91038,1,1
91039,1,1
91040,1,1
91041,1,1
91042,1,1
91043,1,1
91044,1,1
91045,1,1
91046,1,1
91047,1,1
91048,1,1
91049,1,1
91050,1,1
91051,1,1
91052,1,1
91053,1,1
91054,1,1
91055,1,1
91056,1,1
91057,1,1
91058,1,1
91059,1,1
91060,1,1
91061,1,1
91062,1,1
91063,1,1
91064,1,1
91065,1,1
91066,1,1
91067,1,1
91068,1,1
91069,1,1
91070,1,1
91071,1,1
91072,1,1
91073,1,1
91074,1,1
91075,1,1
91076,1,1
91077,1,1
91078,1,1
91079,1,1
91080,1,1
91081,1,1
91082,1,1
91083,1,1
91084,1,1
91085,1,1
91086,1,1
91087,1,1
91088,1,1
91089,1,1
91090,1,1
91091,1,1
91092,1,1
91093,1,1
91094,1,1
91095,1,1
91096,1,1
91097,1,1
91098,1,1
91099,1,1
91100,1,1
91101,1,1
91102,1,1
91103,1,1
91104,1,1
91105,1,1
91106,1,1
91107,1,1
91108,1,1
91109,1,1
91110,1,1
91111,1,1
91112,1,1
91113,1,1
91114,1,1
91115,1,1
91116,1,1
91117,1,1
91118,1,1
91119,1,1
91120,1,1
91121,1,1
91122,1,1
91123,1,1
91124,1,1
91125,1,1
91126,1,1
91127,1,1
91128,1,1
91129,1,1
91130,1,1
91131,1,1
91132,1,1
91133,1,1
91134,1,1
91135,1,1
91136,1,1
91137,1,1
91138,1,1
91139,1,1
91140,1,1
91141,1,1
91142,1,1
91143,1,1
91144,1,1
91145,1,1
91146,1,1
91147,1,1
91148,1,1
91149,1,1
91150,1,1
91151,1,1
91152,1,1
91153,1,1
91154,1,1
91155,1,1
91156,1,1
91157,1,1
91158,1,1
91159,1,1
91160,1,1
91161,1,1
91162,1,1
91163,1,1
91164,1,1
91165,1,1
91166,1,1
91167,1,1
91168,1,1
91169,1,1
91170,1,1
91171,1,1
91172,1,1
91173,1,1
91174,1,1
91175,1,1
91176,1,1
91177,1,1
91178,1,1
91179,1,1
91180,1,1
91181,1,1
91182,1,1
91183,1,1
91184,1,1
91185,1,1
91186,1,1
91187,1,1
91188,1,1
91189,1,1
91190,1,1
91191,1,1
91192,1,1
91193,1,1
91194,1,1
91195,1,1
91196,1,1
91197,1,1
91198,1,1
91199,1,1
91200,1,1
91201,1,1
91202,1,1
91203,1,1
91204,1,1
91205,1,1
91206,1,1
91207,1,1
91208,1,1
91209,1,1
91210,1,1
91211,1,1
91212,1,1
91213,1,1
91214,1,1
91215,1,1
91216,1,1
91217,1,1
91218,1,1
91219,1,1
91220,1,1
91221,1,1
91222,1,1
91223,1,1
91224,1,1
91225,1,1
91226,1,1
91227,1,1
91228,1,1
91229,1,1
91230,1,1
91231,1,1
91232,1,1
91233,1,1
91234,1,1
91235,1,1
91236,1,1
91237,1,1
91238,1,1
91239,1,1
91240,1,1
91241,1,1
91242,1,1
91243,1,1
91244,1,1
91245,1,1
91246,1,1
91247,1,1
91248,1,1
91249,1,1
91250,1,1
91251,1,1
91252,1,1
91253,1,1
91254,1,1
91255,1,1
91256,1,1
91257,1,1
91258,1,1
91259,1,1
91260,1,1
91261,1,1
91262,1,1
91263,1,1
91264,1,1
91265,1,1
91266,1,1
91267,1,1
91268,1,1
91269,1,1
91270,1,1
91271,1,1
91272,1,1
91273,1,1
91274,1,1
91275,1,1
91276,1,1
91277,1,1
91278,1,1
91279,1,1
91280,1,1
91281,1,1
91282,1,1
91283,1,1
91284,1,1
91285,1,1
91286,1,1
91287,1,1
91288,1,1
91289,1,1
91290,1,1
91291,1,1
91292,1,1
91293,1,1
91294,1,1
91295,1,1
91296,1,1
91297,1,1
91298,1,1
91299,1,1
91300,1,1
91301,1,1
91302,1,1
91303,1,1
91304,1,1
91305,1,1
91306,1,1
91307,1,1
91308,1,1
91309,1,1
91310,1,1
91311,1,1
91312,1,1
91313,1,1
91314,1,1
91315,1,1
91316,1,1
91317,1,1
91318,1,1
91319,1,1
91320,1,1
91321,1,1
91322,1,1
91323,1,1
91324,1,1
91325,1,1
91326,1,1
91327,1,1
91328,1,1
91329,1,1
91330,1,1
91331,1,1
91332,1,1
91333,1,1
91334,1,1
91335,1,1
91336,1,1
91337,1,1
91338,1,1
91339,1,1
91340,0,1
91341,0,1
91342,0,1
91343,0,1
91344,0,1
91345,0,1
91346,0,1
91347,0,1
91348,0,1
91349,0,1
91350,0,1
91351,0,1
91352,0,1
91353,0,1
91354,0,1
91355,0,1
91356,0,1
91357,0,1
91358,0,1
91359,0,1
91360,0,1
91361,0,1
91362,1,1
91363,1,1
91364,1,1
91365,1,1
91366,1,1
91367,1,1
91368,1,1
91369,1,1
91370,1,1
91371,1,1
91372,1,1
91373,1,1
91374,1,1
91375,1,1
91376,1,1
91377,1,1
91378,1,1
91379,1,1
91380,1,1
91381,1,1
91382,1,1
91383,1,1
91384,1,1
91385,1,1
91386,1,1
91387,1,1
91388,1,1
91389,1,1
91390,1,1
91391,1,1
91392,1,1
91393,1,1
91394,1,1
91395,1,1
91396,1,1
91397,1,1
91398,1,1
91399,1,1
91400,1,1
91401,1,1
91402,1,1
91403,1,1
91404,1,1
91405,1,1
91406,1,1
91407,1,1
91408,1,1
91409,1,1
91410,1,1
91411,1,1
91412,1,1
91413,1,1
91414,1,1
91415,1,1
91416,1,1
91417,1,1
91418,0,1
91419,0,1
91420,1,1
91421,1,1
91422,1,1
91423,1,1
91424,1,1
91425,1,1
91426,1,1
91427,1,1
91428,1,1
91429,1,1
91430,1,1
91431,1,1
91432,1,1
91433,1,1
91434,1,1
91435,1,1
91436,1,1
91437,1,1
91438,1,1
91439,1,1
91440,1,1
91441,1,1
91442,1,1
91443,1,1
91444,1,1
91445,1,1
91446,1,1
91447,1,1
91448,1,1
91449,1,1
91450,1,1
91451,1,1
91452,1,1
91453,1,1
91454,1,1
91455,1,1
91456,1,1
91457,1,1
91458,1,1
91459,1,1
91460,1,1
91461,1,1
91462,1,1
91463,1,1
91464,1,1
91465,1,1
91466,1,1
91467,1,1
91468,1,1
91469,1,1
91470,1,1
91471,1,1
91472,1,1
91473,1,1
91474,1,1
91475,1,1
91476,1,1
91477,1,1
91478,1,1
91479,1,1
91480,1,1
91481,1,1
91482,1,1
91483,1,1
91484,1,1
91485,1,1
91486,1,1
91487,1,1
91488,1,1
91489,1,1
91490,1,1
91491,1,1
91492,1,1
91493,1,1
91494,1,1
91495,1,1
91496,1,1
91497,1,1
91498,1,1
91499,1,1
91500,1,1
91501,1,1
91502,1,1
91503,1,1
91504,1,1
91505,1,1
91506,1,1
91507,1,1
91508,1,1
91509,1,1
91510,1,1
91511,1,1
91512,1,1
91513,1,1
91514,1,1
91515,1,1
91516,1,1
91517,1,1
91518,1,1
91519,1,1
91520,1,1
91521,1,1
91522,1,1
91523,1,1
91524,1,1
91525,1,1
91526,1,1
91527,1,1
91528,1,1
91529,1,1
91530,1,1
91531,1,1
91532,1,1
91533,1,1
91534,1,1
91535,1,1
91536,1,1
91537,1,1
91538,1,1
91539,1,1
91540,1,1
91541,1,1
91542,1,1
91543,1,1
91544,1,1
91545,1,1
91546,1,1
91547,1,1
91548,1,1
91549,1,1
91550,1,1
91551,1,1
91552,0,1
91553,0,1
91554,0,1
91555,0,1
91556,0,1
91557,0,1
91558,0,1
91559,0,1
91560,0,1
91561,0,1
91562,1,1
91563,1,1
91564,1,1
91565,1,1
91566,1,1
91567,1,1
91568,1,1
91569,1,1
91570,1,1
91571,1,1
91572,1,1
91573,1,1
91574,1,1
91575,1,1
91576,1,1
91577,1,1
91578,1,1
91579,1,1
91580,1,1
91581,1,1
91582,1,1
91583,1,1
91584,1,1
91585,1,1
91586,1,1
91587,1,1
91588,1,1
91589,1,1
91590,1,1
91591,1,1
91592,1,1
91593,1,1
91594,1,1
91595,1,1
91596,1,1
91597,1,1
91598,1,1
91599,1,1
91600,1,1
91601,1,1
91602,1,1
91603,1,1
91604,1,1
91605,1,1
91606,1,1
91607,1,1
91608,1,1
91609,1,1
91610,1,1
91611,1,1
91612,1,1
91613,1,1
91614,1,1
91615,1,1
91616,1,1
91617,1,1
91618,1,1
91619,1,1
91620,1,1
91621,1,1
91622,1,1
91623,1,1
91624,1,1
91625,1,1
91626,1,1
91627,1,1
91628,1,1
91629,1,1
91630,1,1
91631,1,1
91632,1,1
91633,1,1
91634,1,1
91635,1,1
91636,1,1
91637,1,1
91638,1,1
91639,1,1
91640,1,1
91641,1,1
91642,1,1
91643,1,1
91644,1,1
91645,1,1
91646,1,1
91647,1,1
91648,1,1
91649,1,1
91650,1,1
91651,1,1
91652,1,1
91653,1,1
91654,1,1
91655,1,1
91656,1,1
91657,1,1
91658,1,1
91659,1,1
91660,1,1
91661,1,1
91662,1,1
91663,1,1
91664,1,1
91665,1,1
91666,1,1
91667,1,1
91668,1,1
91669,1,1
91670,1,1
91671,1,1
91672,1,1
91673,1,1
91674,1,1
91675,1,1
91676,1,1
91677,1,1
91678,1,1
91679,1,1
91680,1,1
91681,1,1
91682,1,1
91683,1,1
91684,1,1
91685,1,1
91686,1,1
91687,1,1
91688,1,1
91689,1,1
91690,1,1
91691,1,1
91692,1,1
91693,1,1
91694,1,1
91695,1,1
91696,1,1
91697,1,1
91698,1,1
91699,1,1
91700,1,1
91701,1,1
91702,1,1
91703,1,1
91704,1,1
91705,1,1
91706,1,1
91707,1,1
91708,1,1
91709,1,1
91710,1,1
91711,1,1
91712,1,1
91713,1,1
91714,1,1
91715,1,1
91716,1,1
91717,1,1
91718,1,1
91719,1,1
91720,1,1
91721,1,1
91722,1,1
91723,1,1
91724,1,1
91725,1,1
91726,1,1
91727,0,1
91728,0,1
91729,0,1
91730,0,1
91731,0,1
91732,0,1
91733,0,1
91734,0,1
91735,0,1
91736,1,1
91737,1,1
91738,1,1
91739,1,1
91740,1,1
91741,1,1
91742,1,1
91743,1,1
91744,1,1
91745,1,1
91746,1,1
91747,1,1
91748,1,1
91749,1,1
91750,1,1
91751,1,1
91752,1,1
91753,1,1
91754,1,1
91755,1,1
91756,1,1
91757,1,1
91758,1,1
91759,1,1
91760,1,1
91761,1,1
91762,1,1
91763,1,1
91764,1,1
91765,1,1
91766,1,1
91767,1,1
91768,1,1
91769,1,1
91770,1,1
91771,1,1
91772,1,1
91773,1,1
91774,1,1
91775,1,1
91776,1,1
91777,1,1
91778,1,1
91779,1,1
91780,1,1
91781,1,1
91782,1,1
91783,1,1
91784,1,1
91785,1,1
91786,1,1
91787,1,1
91788,1,1
91789,1,1
91790,1,1
91791,1,1
91792,1,1
91793,1,1
91794,1,1
91795,1,1
91796,1,1
91797,1,1
91798,1,1
91799,1,1
91800,1,1
91801,1,1
91802,1,1
91803,1,1
91804,1,1
91805,1,1
91806,1,1
91807,0,1
91808,0,1
91809,0,1
91810,0,1
91811,0,1
91812,0,1
91813,0,1
91814,0,1
91815,0,1
91816,0,1
91817,0,1
91818,0,1
91819,0,1
91820,0,1
91821,0,1
91822,0,1
91823,0,1
91824,0,1
91825,0,1
91826,0,1
91827,0,1
91828,0,1
91829,1,1
91830,1,1
91831,1,1
91832,1,1
91833,1,1
91834,1,1
91835,1,1
91836,1,1
91837,1,1
91838,1,1
91839,1,1
91840,1,1
91841,1,1
91842,1,1
91843,1,1
91844,1,1
91845,1,1
91846,1,1
91847,1,1
91848,1,1
91849,1,1
91850,1,1
91851,1,1
91852,1,1
91853,1,1
91854,1,1
91855,1,1
91856,1,1
91857,1,1
91858,1,1
91859,1,1
91860,1,1
91861,1,1
91862,1,1
91863,1,1
91864,1,1
91865,1,1
91866,1,1
91867,1,1
91868,1,1
91869,1,1
91870,1,1
91871,1,1
91872,1,1
91873,1,1
91874,1,1
91875,1,1
91876,1,1
91877,0,1
91878,0,1
91879,0,1
91880,1,1
91881,1,1
91882,1,1
91883,1,1
91884,1,1
91885,1,1
91886,1,1
91887,1,1
91888,1,1
91889,1,1
91890,1,1
91891,1,1
91892,1,1
91893,1,1
91894,1,1
91895,1,1
91896,1,1
91897,1,1
91898,1,1
91899,1,1
91900,1,1
91901,1,1
91902,1,1
91903,1,1
91904,1,1
91905,1,1
91906,1,1
91907,1,1
91908,1,1
91909,1,1
91910,1,1
91911,1,1
91912,1,1
91913,1,1
91914,1,1
91915,1,1
91916,1,1
91917,1,1
91918,1,1
91919,1,1
91920,1,1
91921,1,1
91922,1,1
91923,1,1
91924,1,1
91925,1,1
91926,1,1
91927,1,1
91928,1,1
91929,1,1
91930,1,1
91931,1,1
91932,1,1
91933,0,1
91934,0,1
91935,0,1
91936,1,1
91937,1,1
91938,1,1
91939,1,1
91940,1,1
91941,1,1
91942,1,1
91943,1,1
91944,1,1
91945,1,1
91946,1,1
91947,1,1
91948,1,1
91949,1,1
91950,1,1
91951,1,1
91952,1,1
91953,1,1
91954,1,1
91955,1,1
91956,1,1
91957,1,1
91958,1,1
91959,1,1
91960,1,1
91961,1,1
91962,1,1
91963,1,1
91964,1,1
91965,1,1
91966,1,1
91967,1,1
91968,1,1
91969,1,1
91970,1,1
91971,1,1
91972,1,1
91973,1,1
91974,1,1
91975,1,1
91976,1,1
91977,1,1
91978,1,1
91979,1,1
91980,1,1
91981,1,1
91982,1,1
91983,1,1
91984,1,1
91985,1,1
91986,1,1
91987,1,1
91988,1,1
91989,1,1
91990,1,1
91991,1,1
91992,1,1
91993,1,1
91994,1,1
91995,1,1
91996,1,1
91997,1,1
91998,1,1
91999,1,1
92000,1,1
92001,1,1
92002,1,1
92003,1,1
92004,1,1
92005,1,1
92006,1,1
92007,1,1
92008,1,1
92009,1,1
92010,1,1
92011,1,1
92012,1,1
92013,1,1
92014,1,1
92015,1,1
92016,1,1
92017,1,1
92018,1,1
92019,1,1
92020,1,1
92021,1,1
92022,1,1
92023,1,1
92024,1,1
92025,1,1
92026,1,1
92027,1,1
92028,1,1
92029,1,1
92030,1,1
92031,1,1
92032,1,1
92033,1,1
92034,1,1
92035,1,1
92036,1,1
92037,1,1
92038,1,1
92039,1,1
92040,1,1
92041,1,1
92042,1,1
92043,1,1
92044,1,1
92045,1,1
92046,1,1
92047,1,1
92048,1,1
92049,1,1
92050,1,1
92051,1,1
92052,1,1
92053,1,1
92054,1,1
92055,1,1
92056,1,1
92057,1,1
92058,1,1
92059,1,1
92060,1,1
92061,1,1
92062,1,1
92063,1,1
92064,1,1
92065,1,1
92066,1,1
92067,1,1
92068,1,1
92069,1,1
92070,1,1
92071,1,1
92072,1,1
92073,1,1
92074,1,1
92075,1,1
92076,1,1
92077,1,1
92078,1,1
92079,1,1
92080,1,1
92081,1,1
92082,1,1
92083,1,1
92084,1,1
92085,1,1
92086,1,1
92087,0,1
92088,0,1
92089,0,1
92090,1,1
92091,1,1
92092,1,1
92093,1,1
92094,1,1
92095,1,1
92096,1,1
92097,1,1
92098,1,1
92099,1,1
92100,1,1
92101,1,1
92102,1,1
92103,1,1
92104,1,1
92105,1,1
92106,1,1
92107,1,1
92108,1,1
92109,1,1
92110,1,1
92111,1,1
92112,1,1
92113,1,1
92114,1,1
92115,1,1
92116,1,1
92117,1,1
92118,1,1
92119,1,1
92120,1,1
92121,1,1
92122,1,1
92123,1,1
92124,1,1
92125,1,1
92126,1,1
92127,1,1
92128,1,1
92129,1,1
92130,1,1
92131,1,1
92132,1,1
92133,1,1
92134,1,1
92135,1,1
92136,1,1
92137,1,1
92138,1,1
92139,1,1
92140,1,1
92141,1,1
92142,1,1
92143,1,1
92144,1,1
92145,1,1
92146,1,1
92147,1,1
92148,1,1
92149,1,1
92150,1,1
92151,1,1
92152,1,1
92153,1,1
92154,1,1
92155,1,1
92156,1,1
92157,1,1
92158,1,1
92159,1,1
92160,1,1
92161,1,1
92162,0,1
92163,0,1
92164,0,1
92165,0,1
92166,0,1
92167,0,1
92168,0,1
92169,0,1
92170,0,1
92171,0,1
92172,0,1
92173,0,1
92174,1,1
92175,1,1
92176,1,1
92177,1,1
92178,1,1
92179,1,1
92180,1,1
92181,1,1
92182,1,1
92183,1,1
92184,1,1
92185,1,1
92186,1,1
92187,1,1
92188,1,1
92189,1,1
92190,1,1
92191,1,1
92192,1,1
92193,1,1
92194,1,1
92195,1,1
92196,1,1
92197,1,1
92198,1,1
92199,1,1
92200,1,1
92201,1,1
92202,1,1
92203,1,1
92204,1,1
92205,1,1
92206,1,1
92207,1,1
92208,1,1
92209,1,1
92210,1,1
92211,1,1
92212,1,1
92213,1,1
92214,1,1
92215,1,1
92216,1,1
92217,1,1
92218,1,1
92219,1,1
92220,1,1
92221,1,1
92222,1,1
92223,1,1
92224,1,1
92225,1,1
92226,1,1
92227,1,1
92228,1,1
92229,1,1
92230,1,1
92231,1,1
92232,1,1
92233,1,1
92234,1,1
92235,1,1
92236,1,1
92237,1,1
92238,1,1
92239,1,1
92240,1,1
92241,1,1
92242,1,1
92243,1,1
92244,1,1
92245,1,1
92246,1,1
92247,1,1
92248,1,1
92249,1,1
92250,1,1
92251,1,1
92252,1,1
92253,1,1
92254,1,1
92255,1,1
92256,1,1
92257,1,1
92258,1,1
92259,1,1
92260,1,1
92261,1,1
92262,1,1
92263,1,1
92264,1,1
92265,1,1
92266,1,1
92267,1,1
92268,1,1
92269,1,1
92270,1,1
92271,1,1
92272,1,1
92273,1,1
92274,1,1
92275,1,1
92276,1,1
92277,1,1
92278,1,1
92279,1,1
92280,1,1
92281,1,1
92282,1,1
92283,1,1
92284,1,1
92285,1,1
92286,1,1
92287,1,1
92288,1,1
92289,1,1
92290,1,1
92291,1,1
92292,1,1
92293,1,1
92294,0,1
92295,0,1
92296,0,1
92297,1,1
92298,1,1
92299,1,1
92300,1,1
92301,1,1
92302,1,1
92303,1,1
92304,1,1
92305,1,1
92306,1,1
92307,1,1
92308,1,1
92309,1,1
92310,1,1
92311,1,1
92312,1,1
92313,1,1
92314,1,1
92315,1,1
92316,1,1
92317,1,1
92318,1,1
92319,1,1
92320,1,1
92321,1,1
92322,1,1
92323,1,1
92324,1,1
92325,1,1
92326,0,1
92327,0,1
92328,0,1
92329,0,1
92330,0,1
92331,0,1
92332,0,1
92333,0,1
92334,0,1
92335,0,1
92336,0,1
92337,0,1
92338,0,1
92339,0,0
92340,0,0
92341,0,0
92342,0,0
92343,0,0
92344,0,0
92345,0,0
92346,0,0
92347,0,0
92348,0,0
92349,0,0
92350,0,0
92351,0,0
92352,0,0
92353,0,0
92354,0,1
92355,0,1
92356,0,1
92357,0,1
92358,0,1
92359,0,1
92360,1,1
92361,1,1
92362,1,1
92363,1,1
92364,1,1
92365,1,1
92366,1,1
92367,1,1
92368,1,1
92369,1,1
92370,1,1
92371,1,1
92372,1,1
92373,1,1
92374,1,1
92375,1,1
92376,1,1
92377,1,1
92378,1,1
92379,1,1
92380,0,1
92381,0,1
92382,0,1
92383,0,1
92384,0,1
92385,0,1
92386,0,1
92387,0,1
92388,0,1
92389,1,1
92390,1,1
92391,1,1
92392,1,1
92393,1,1
92394,1,1
92395,1,1
92396,1,1
92397,1,1
92398,1,1
92399,1,1
92400,1,1
92401,1,1
92402,1,1
92403,1,1
92404,1,1
92405,1,1
92406,1,1
92407,1,1
92408,1,1
92409,1,1
92410,1,1
92411,1,1
92412,1,1
92413,1,1
92414,1,1
92415,1,1
92416,1,1
92417,1,1
92418,1,1
92419,1,1
92420,1,1
92421,0,1
92422,0,1
92423,1,1
92424,1,1
92425,1,1
92426,1,1
92427,1,1
92428,1,1
92429,1,1
92430,1,1
92431,1,1
92432,1,1
92433,1,1
92434,1,1
92435,1,1
92436,1,1
92437,1,1
92438,1,1
92439,1,1
92440,1,1
92441,1,1
92442,1,1
92443,1,1
92444,1,1
92445,1,1
92446,1,1
92447,1,1
92448,1,1
92449,1,1
92450,1,1
92451,1,1
92452,1,1
92453,1,1
92454,1,1
92455,1,1
92456,1,1
92457,1,1
92458,1,1
92459,1,1
92460,1,1
92461,1,1
92462,1,1
92463,1,1
92464,1,1
92465,1,1
92466,1,1
92467,1,1
92468,1,1
92469,1,1
92470,1,1
92471,1,1
92472,0,1
92473,0,1
92474,0,1
92475,1,1
92476,1,1
92477,1,1
92478,1,1
92479,1,1
92480,1,1
92481,1,1
92482,1,1
92483,1,1
92484,1,1
92485,1,1
92486,1,1
92487,1,1
92488,1,1
92489,1,1
92490,1,1
92491,1,1
92492,1,1
92493,1,1
92494,1,1
92495,1,1
92496,1,1
92497,1,1
92498,1,1
92499,1,1
92500,1,1
92501,1,1
92502,1,1
92503,1,1
92504,1,1
92505,1,1
92506,1,1
92507,1,1
92508,1,1
92509,1,1
92510,1,1
92511,1,1
92512,1,1
92513,1,1
92514,1,1
92515,1,1
92516,0,1
92517,0,1
92518,0,1
92519,0,1
92520,1,1
92521,1,1
92522,1,1
92523,1,1
92524,1,1
92525,1,1
92526,1,1
92527,1,1
92528,1,1
92529,1,1
92530,1,1
92531,1,1
92532,1,1
92533,1,1
92534,1,1
92535,1,1
92536,1,1
92537,1,1
92538,1,1
92539,1,1
92540,1,1
92541,1,1
92542,1,1
92543,1,1
92544,1,1
92545,1,1
92546,1,1
92547,1,1
92548,1,1
92549,1,1
92550,1,1
92551,1,1
92552,1,1
92553,1,1
92554,1,1
92555,1,1
92556,1,1
92557,1,1
92558,0,1
92559,0,1
92560,0,1
92561,0,1
92562,0,1
92563,0,1
92564,0,1
92565,0,1
92566,0,1
92567,0,1
92568,0,1
92569,0,1
92570,0,1
92571,0,1
92572,0,1
92573,0,1
92574,0,1
92575,1,1
92576,1,1
92577,1,1
92578,1,1
92579,1,1
92580,1,1
92581,1,1
92582,1,1
92583,1,1
92584,1,1
92585,1,1
92586,1,1
92587,1,1
92588,1,1
92589,1,1
92590,1,1
92591,0,1
92592,0,1
92593,0,1
92594,0,1
92595,0,1
92596,1,1
92597,1,1
92598,1,1
92599,1,1
92600,1,1
92601,1,1
92602,1,1
92603,1,1
92604,1,1
92605,1,1
92606,1,1
92607,1,1
92608,1,1
92609,1,1
92610,1,1
92611,1,1
92612,1,1
92613,1,1
92614,1,1
92615,1,1
92616,1,1
92617,1,1
92618,1,1
92619,1,1
92620,1,1
92621,1,1
92622,1,1
92623,1,1
92624,1,1
92625,1,1
92626,1,1
92627,1,1
92628,1,1
92629,1,1
92630,1,1
92631,1,1
92632,1,1
92633,1,1
92634,1,1
92635,1,1
92636,1,1
92637,1,1
92638,1,1
92639,1,1
92640,1,1
92641,1,1
92642,1,1
92643,1,1
92644,0,1
92645,0,1
92646,0,1
92647,0,1
92648,0,1
92649,0,1
92650,1,1
92651,1,1
92652,1,1
92653,1,1
92654,1,1
92655,1,1
92656,1,1
92657,1,1
92658,1,1
92659,1,1
92660,0,1
92661,0,1
92662,0,1
92663,0,1
92664,0,1
92665,0,1
92666,0,1
92667,0,1
92668,0,1
92669,0,1
92670,0,1
92671,0,1
92672,0,1
92673,0,1
92674,0,1
92675,0,1
92676,0,1
92677,0,1
92678,0,1
92679,0,1
92680,0,1
92681,0,1
92682,0,1
92683,0,1
92684,0,1
92685,0,1
92686,0,1
92687,0,1
92688,0,1
92689,0,1
92690,0,1
92691,0,1
92692,0,1
92693,1,1
92694,1,1
92695,1,1
92696,1,1
92697,1,1
92698,1,1
92699,1,1
92700,1,1
92701,1,1
92702,1,1
92703,1,1
92704,1,1
92705,1,1
92706,1,1
92707,0,1
92708,0,1
92709,0,1
92710,0,1
92711,0,1
92712,0,1
92713,1,1
92714,1,1
92715,1,1
92716,1,1
92717,1,1
92718,1,1
92719,1,1
92720,1,1
92721,1,1
92722,1,1
92723,1,1
92724,1,1
92725,1,1
92726,1,1
92727,1,1
92728,1,1
92729,1,1
92730,1,1
92731,1,1
92732,1,1
92733,1,1
92734,1,1
92735,1,1
92736,1,1
92737,1,1
92738,1,1
92739,1,1
92740,1,1
92741,1,1
92742,1,1
92743,1,1
92744,1,1
92745,1,1
92746,1,1
92747,1,1
92748,1,1
92749,1,1
92750,1,1
92751,1,1
92752,1,1
92753,1,1
92754,1,1
92755,1,1
92756,1,1
92757,1,1
92758,1,1
92759,1,1
92760,1,1
92761,1,1
92762,1,1
92763,1,1
92764,1,1
92765,1,1
92766,1,1
92767,1,1
92768,1,1
92769,1,1
92770,1,1
92771,1,1
92772,1,1
92773,1,1
92774,1,1
92775,1,1
92776,1,1
92777,1,1
92778,0,1
92779,1,1
92780,1,1
92781,1,1
92782,1,1
92783,1,1
92784,1,1
92785,1,1
92786,1,1
92787,1,1
92788,1,1
92789,1,1
92790,1,1
92791,1,1
92792,1,1
92793,1,1
92794,1,1
92795,0,1
92796,1,1
92797,1,1
92798,1,1
92799,1,1
92800,1,1
92801,1,1
92802,1,1
92803,1,1
92804,1,1
92805,1,1
92806,1,1
92807,1,1
92808,1,1
92809,1,1
92810,1,1
92811,1,1
92812,1,1
92813,1,1
92814,1,1
92815,1,1
92816,1,1
92817,1,1
92818,1,1
92819,1,1
92820,1,1
92821,1,1
92822,1,1
92823,1,1
92824,1,1
92825,1,1
92826,1,1
92827,1,1
92828,1,1
92829,1,1
92830,1,1
92831,1,1
92832,1,1
92833,1,1
92834,1,1
92835,1,1
92836,1,1
92837,1,1
92838,1,1
92839,1,1
92840,1,1
92841,1,1
92842,1,1
92843,1,1
92844,1,1
92845,1,1
92846,1,1
92847,1,1
92848,1,1
92849,1,1
92850,1,1
92851,1,1
92852,1,1
92853,1,1
92854,1,1
92855,1,1
92856,1,1
92857,1,1
92858,1,1
92859,1,1
92860,1,1
92861,1,1
92862,1,1
92863,1,1
92864,1,1
92865,1,1
92866,1,1
92867,1,1
92868,1,1
92869,1,1
92870,1,1
92871,1,1
92872,1,1
92873,1,1
92874,1,1
92875,1,1
92876,1,1
92877,1,1
92878,1,1
92879,1,1
92880,1,1
92881,1,1
92882,1,1
92883,1,1
92884,1,1
92885,1,1
92886,1,1
92887,1,1
92888,1,1
92889,0,1
92890,0,1
92891,0,1
92892,0,1
92893,1,1
92894,1,1
92895,1,1
92896,1,1
92897,1,1
92898,1,1
92899,1,1
92900,1,1
92901,1,1
92902,1,1
92903,1,1
92904,1,1
92905,1,1
92906,1,1
92907,1,1
92908,1,1
92909,1,1
92910,1,1
92911,1,1
92912,1,1
92913,1,1
92914,1,1
92915,1,1
92916,1,1
92917,1,1
92918,1,1
92919,1,1
92920,1,1
92921,1,1
92922,1,1
92923,1,1
92924,1,1
92925,1,1
92926,1,1
92927,1,1
92928,1,1
92929,1,1
92930,1,1
92931,1,1
92932,1,1
92933,1,1
92934,1,1
92935,1,1
92936,1,1
92937,1,1
92938,1,1
92939,1,1
92940,1,1
92941,1,1
92942,1,1
92943,1,1
92944,1,1
92945,1,1
92946,1,1
92947,1,1
92948,1,1
92949,1,1
92950,1,1
92951,1,1
92952,1,1
92953,1,1
92954,1,1
92955,1,1
92956,1,1
92957,1,1
92958,1,1
92959,1,1
92960,1,1
92961,1,1
92962,1,1
92963,1,1
92964,1,1
92965,1,1
92966,1,1
92967,1,1
92968,1,1
92969,1,1
92970,1,1
92971,1,1
92972,1,1
92973,1,1
92974,1,1
92975,1,1
92976,1,1
92977,1,1
92978,1,1
92979,1,1
92980,1,1
92981,1,1
92982,1,1
92983,0,1
92984,1,1
92985,1,1
92986,1,1
92987,1,1
92988,1,1
92989,1,1
92990,1,1
92991,1,1
92992,1,1
92993,0,1
92994,0,1
92995,0,1
92996,1,1
92997,1,1
92998,1,1
92999,1,1
93000,1,1
93001,1,1
93002,1,1
93003,1,1
93004,1,1
93005,1,1
93006,1,1
93007,1,1
93008,1,1
93009,1,1
93010,1,1
93011,1,1
93012,1,1
93013,1,1
93014,1,1
93015,1,1
93016,1,1
93017,1,1
93018,1,1
93019,1,1
93020,1,1
93021,1,1
93022,1,1
93023,1,1
93024,1,1
93025,1,1
93026,1,1
93027,1,1
93028,1,1
93029,1,1
93030,1,1
93031,1,1
93032,1,1
93033,1,1
93034,1,1
93035,1,1
93036,1,1
93037,1,1
93038,1,1
93039,0,1
93040,0,1
93041,1,1
93042,1,1
93043,1,1
93044,1,1
93045,1,1
93046,1,1
93047,1,1
93048,1,1
93049,1,1
93050,1,1
93051,1,1
93052,1,1
93053,1,1
93054,1,1
93055,1,1
93056,1,1
93057,1,1
93058,1,1
93059,1,1
93060,1,1
93061,1,1
93062,1,1
93063,0,1
93064,0,1
93065,0,1
93066,1,1
93067,1,1
93068,1,1
93069,1,1
93070,1,1
93071,1,1
93072,1,1
93073,1,1
93074,1,1
93075,1,1
93076,1,1
93077,1,1
93078,1,1
93079,1,1
93080,1,1
93081,1,1
93082,1,1
93083,1,1
93084,0,1
93085,0,1
93086,0,1
93087,0,1
93088,0,1
93089,0,1
93090,0,1
93091,0,1
93092,0,1
93093,0,1
93094,0,1
93095,0,1
93096,0,1
93097,0,1
93098,0,1
93099,0,1
93100,0,1
93101,0,1
93102,0,1
93103,0,1
93104,0,1
93105,0,1
93106,0,1
93107,0,1
93108,0,1
93109,0,1
93110,0,1
93111,0,1
93112,0,1
93113,0,1
93114,0,1
93115,0,1
93116,0,1
93117,1,1
93118,1,1
93119,1,1
93120,1,1
93121,1,1
93122,1,1
93123,1,1
93124,1,1
93125,1,1
93126,1,1
93127,1,1
93128,1,1
93129,1,1
93130,1,1
93131,1,1
93132,1,1
93133,1,1
93134,1,1
93135,1,1
93136,1,1
93137,1,1
93138,1,1
93139,1,1
93140,1,1
93141,1,1
93142,1,1
93143,1,1
93144,1,1
93145,1,1
93146,1,1
93147,1,1
93148,1,1
93149,1,1
93150,1,1
93151,1,1
93152,1,1
93153,1,1
93154,1,1
93155,1,1
93156,1,1
93157,1,1
93158,1,1
93159,1,1
93160,1,1
93161,1,1
93162,1,1
93163,1,1
93164,1,1
93165,1,1
93166,1,1
93167,1,1
93168,1,1
93169,1,1
93170,1,1
93171,1,1
93172,1,1
93173,1,1
93174,1,1
93175,1,1
93176,1,1
93177,1,1
93178,1,1
93179,1,1
93180,0,1
93181,0,1
93182,0,1
93183,1,1
93184,1,1
93185,1,1
93186,1,1
93187,1,1
93188,1,1
93189,1,1
93190,1,1
93191,1,1
93192,1,1
93193,1,1
93194,1,1
93195,1,1
93196,1,1
93197,1,1
93198,1,1
93199,1,1
93200,1,1
93201,1,1
93202,1,1
93203,1,1
93204,1,1
93205,1,1
93206,1,1
93207,1,1
93208,1,1
93209,1,1
93210,1,1
93211,1,1
93212,1,1
93213,1,1
93214,1,1
93215,1,1
93216,1,1
93217,1,1
93218,1,1
93219,1,1
93220,1,1
93221,1,1
93222,0,1
93223,0,1
93224,1,1
93225,1,1
93226,1,1
93227,1,1
93228,1,1
93229,1,1
93230,1,1
93231,1,1
93232,1,1
93233,1,1
93234,1,1
93235,1,1
93236,1,1
93237,1,1
93238,1,1
93239,1,1
93240,1,1
93241,1,1
93242,1,1
93243,1,1
93244,1,1
93245,1,1
93246,1,1
93247,1,1
93248,1,1
93249,1,1
93250,1,1
93251,1,1
93252,1,1
93253,1,1
93254,1,1
93255,1,1
93256,1,1
93257,1,1
93258,1,1
93259,1,1
93260,1,1
93261,1,1
93262,1,1
93263,1,1
93264,1,1
93265,1,1
93266,1,1
93267,1,1
93268,1,1
93269,1,1
93270,1,1
93271,1,1
93272,1,1
93273,1,1
93274,1,1
93275,1,1
93276,1,1
93277,1,1
93278,1,1
93279,1,1
93280,1,1
93281,1,1
93282,1,1
93283,1,1
93284,1,1
93285,1,1
93286,1,1
93287,1,1
93288,1,1
93289,1,1
93290,0,1
93291,0,1
93292,1,1
93293,1,1
93294,1,1
93295,1,1
93296,1,1
93297,1,1
93298,1,1
93299,1,1
93300,1,1
93301,1,1
93302,1,1
93303,1,1
93304,1,1
93305,1,1
93306,1,1
93307,1,1
93308,1,1
93309,1,1
93310,1,1
93311,1,1
93312,1,1
93313,1,1
93314,1,1
93315,1,1
93316,1,1
93317,1,1
93318,1,1
93319,0,1
93320,0,1
93321,0,1
93322,1,1
93323,1,1
93324,1,1
93325,1,1
93326,1,1
93327,1,1
93328,1,1
93329,1,1
93330,1,1
93331,1,1
93332,1,1
93333,1,1
93334,1,1
93335,1,1
93336,1,1
93337,1,1
93338,1,1
93339,1,1
93340,1,1
93341,1,1
93342,1,1
93343,1,1
93344,1,1
93345,1,1
93346,1,1
93347,1,1
93348,1,1
93349,1,1
93350,1,1
93351,1,1
93352,1,1
93353,1,1
93354,1,1
93355,1,1
93356,1,1
93357,1,1
93358,1,1
93359,1,1
93360,1,1
93361,1,1
93362,1,1
93363,1,1
93364,1,1
93365,1,1
93366,1,1
93367,1,1
93368,1,1
93369,1,1
93370,1,1
93371,1,1
93372,1,1
93373,1,1
93374,0,1
93375,1,1
93376,1,1
93377,1,1
93378,1,1
93379,1,1
93380,1,1
93381,1,1
93382,1,1
93383,1,1
93384,1,1
93385,1,1
93386,1,1
93387,1,1
93388,1,1
93389,1,1
93390,1,1
93391,1,1
93392,1,1
93393,1,1
93394,1,1
93395,1,1
93396,1,1
93397,1,1
93398,1,1
93399,1,1
93400,1,1
93401,1,1
93402,1,1
93403,1,1
93404,1,1
93405,1,1
93406,1,1
93407,1,1
93408,1,1
93409,1,1
93410,1,1
93411,1,1
93412,1,1
93413,1,1
93414,1,1
93415,1,1
93416,1,1
93417,1,1
93418,1,1
93419,1,1
93420,1,1
93421,1,1
93422,1,1
93423,1,1
93424,1,1
93425,1,1
93426,1,1
93427,1,1
93428,1,1
93429,1,1
93430,1,1
93431,1,1
93432,1,1
93433,1,1
93434,1,1
93435,1,1
93436,1,1
93437,1,1
93438,1,1
93439,1,1
93440,1,1
93441,1,1
93442,1,1
93443,1,1
93444,1,1
93445,1,1
93446,1,1
93447,1,1
93448,0,1
93449,0,1
93450,1,1
93451,1,1
93452,1,1
93453,1,1
93454,1,1
93455,1,1
93456,1,1
93457,1,1
93458,1,1
93459,1,1
93460,1,1
93461,1,1
93462,1,1
93463,1,1
93464,1,1
93465,1,1
93466,1,1
93467,1,1
93468,1,1
93469,1,1
93470,1,1
93471,1,1
93472,1,1
93473,1,1
93474,1,1
93475,1,1
93476,1,1
93477,1,1
93478,1,1
93479,1,1
93480,1,1
93481,1,1
93482,1,1
93483,1,1
93484,1,1
93485,1,1
93486,1,1
93487,1,1
93488,1,1
93489,1,1
93490,0,1
93491,0,1
93492,0,1
93493,1,1
93494,1,1
93495,1,1
93496,1,1
93497,1,1
93498,1,1
93499,1,1
93500,1,1
93501,1,1
93502,1,1
93503,1,1
93504,1,1
93505,1,1
93506,1,1
93507,1,1
93508,1,1
93509,1,1
93510,1,1
93511,1,1
93512,1,1
93513,1,1
93514,0,1
93515,0,1
93516,0,1
93517,0,1
93518,0,1
93519,0,1
93520,0,1
93521,0,1
93522,0,1
93523,0,1
93524,0,1
93525,0,1
93526,0,1
93527,0,1
93528,0,1
93529,0,1
93530,0,1
93531,0,1
93532,0,1
93533,0,1
93534,0,1
93535,0,1
93536,0,1
93537,0,1
93538,0,1
93539,0,1
93540,0,1
93541,0,1
93542,0,1
93543,0,1
93544,1,1
93545,1,1
93546,1,1
93547,1,1
93548,1,1
93549,1,1
93550,1,1
93551,1,1
93552,1,1
93553,1,1
93554,1,1
93555,1,1
93556,1,1
93557,1,1
93558,1,1
93559,1,1
93560,1,1
93561,0,1
93562,0,1
93563,0,1
93564,0,1
93565,0,1
93566,0,1
93567,0,1
93568,0,1
93569,1,1
93570,1,1
93571,1,1
93572,1,1
93573,1,1
93574,1,1
93575,1,1
93576,1,1
93577,1,1
93578,1,1
93579,1,1
93580,1,1
93581,1,1
93582,1,1
93583,1,1
93584,1,1
93585,1,1
93586,1,1
93587,1,1
93588,1,1
93589,1,1
93590,1,1
93591,1,1
93592,1,1
93593,1,1
93594,1,1
93595,1,1
93596,1,1
93597,1,1
93598,1,1
93599,1,1
93600,1,1
93601,1,1
93602,1,1
93603,1,1
93604,1,1
93605,1,1
93606,1,1
93607,1,1
93608,1,1
93609,1,1
93610,1,1
93611,1,1
93612,1,1
93613,1,1
93614,1,1
93615,1,1
93616,1,1
93617,1,1
93618,1,1
93619,1,1
93620,1,1
93621,1,1
93622,1,1
93623,1,1
93624,0,1
93625,0,1
93626,0,1
93627,0,1
93628,1,1
93629,1,1
93630,1,1
93631,1,1
93632,1,1
93633,1,1
93634,1,1
93635,1,1
93636,1,1
93637,1,1
93638,1,1
93639,1,1
93640,1,1
93641,1,1
93642,1,1
93643,1,1
93644,1,1
93645,1,1
93646,1,1
93647,1,1
93648,1,1
93649,1,1
93650,1,1
93651,1,1
93652,1,1
93653,1,1
93654,1,1
93655,1,1
93656,1,1
93657,1,1
93658,1,1
93659,1,1
93660,1,1
93661,1,1
93662,1,1
93663,1,1
93664,1,1
93665,1,1
93666,1,1
93667,1,1
93668,1,1
93669,1,1
93670,1,1
93671,1,1
93672,0,1
93673,0,1
93674,0,1
93675,0,1
93676,1,1
93677,1,1
93678,1,1
93679,1,1
93680,1,1
93681,1,1
93682,1,1
93683,1,1
93684,1,1
93685,1,1
93686,1,1
93687,1,1
93688,1,1
93689,1,1
93690,1,1
93691,1,1
93692,1,1
93693,1,1
93694,1,1
93695,1,1
93696,1,1
93697,1,1
93698,1,1
93699,1,1
93700,1,1
93701,1,1
93702,1,1
93703,1,1
93704,1,1
93705,1,1
93706,1,1
93707,1,1
93708,1,1
